시안,조건,평가자,콘셉트,첫 화면과 위계,표지,다섯 가지 일,가독성,완성도,종합,순위,강점,문제
밤의 가판대,원래 시안,A,6,7,4,4,7,3,3,6,"조명 원뿔과 받침대 위 큰 표지, 스파크라인이 붙은 지표 3개로 히어로 자체는 깔끔하다.","내비에 있는 지표 시계열·부속 문서·갱신 방식 구역이 페이지에 없고, 표지 10장은 접혀 있으며 다음 호 자리가 없고 9/1을 '브리핑 없음'으로 잘못 그렸다."
밤의 가판대,원래 시안,B,7,6,4,3,7,3,3,6,빛줄기 아래 큰 표지와 7열로 넉넉하게 세운 표지 격자가 시원하고 깔끔하다.,"내비게이션에 있는 지표 시계열, 부속 문서, 갱신 방식 구역이 페이지에 아예 없다. 표지는 21장만, 목록은 5건만 나오고 목록에는 더 보기도 없으며, 브리핑 없는 날과 다음 호는 가판대에 없고 9/1까지 '브리핑 없음'으로 칠했다."
밤의 가판대,명세 없이,A,9,9,9,9,8,8,9,1,"펜던트 조명과 빛줄기, 주 단위 선반, 빛나는 '제32호 자리'로 밤의 가판대를 가장 완성도 있게 구현했고, 국면과 세 지표를 한 날짜 축에 묶은 차트가 탁월하다.","범례는 '여러 번 발행한 날' 점을 약속하지만 타임라인에 점이 그려지지 않고, ALL ISSUES·INDEX 같은 영문 꼬리표가 한국어 문구 원칙과 어긋난다."
밤의 가판대,명세 없이,B,9,9,9,9,9,9,9,1,"램프, 빛줄기, 가로 선반으로 밤의 가판대를 가장 잘 연출했다. 국면과 세 지표를 한 날짜 축에 묶고 오른쪽에 오늘 값과 요약을 붙인 차트가 특히 뛰어나다.","이번 주 선반만 오른쪽 정렬이고 나머지 주는 왼쪽 정렬이라, 같은 요일이 줄마다 다른 열에 놓인다."
밤의 가판대,YAML,A,8,8,7,8,8,8,8,2,"매달린 조명과 칸막이 선반이 콘셉트를 살리고, 지난 30호를 호 번호·회차와 함께 모두 세우며 9/18·19를 빈 칸으로 정확히 남겼다.","다음 호가 히어로 아래 작은 회색 글 한 줄뿐이고, 국면 흐름에 여러 번 발행한 날 표시가 없으며 지표 차트와도 떨어져 있다."
밤의 가판대,YAML,B,8,8,7,8,8,8,7,3,"매달린 램프 아래 받침에 세운 표지와 복숭아색 헤드라인이 콘셉트를 선명하게 살리고, 표지마다 호수와 회차를 붙여 찾기 쉽다.",국면 흐름과 지표 차트가 멀리 떨어져 있고 차트마다 날짜 범위가 달라 맞대 보기 어렵다. 다음 호는 가판대에 자리가 없이 히어로 아래 작은 캡션으로만 나온다.
밤의 가판대,JSON,A,7,9,6,8,8,8,7,3,"큰 표지와 복숭아색 강조 헤드라인·버튼으로 첫 화면 위계가 가장 또렷하고, 국면 칸과 지표 차트가 같은 날짜 열을 공유한다.","가판대 격자에서 브리핑 없는 날(9/18·19)이 말없이 빠져 공백이 보이지 않고, 지표 차트에는 날짜 눈금이 없다."
밤의 가판대,JSON,B,7,8,6,8,7,7,6,4,"다음 호 자리부터 31장을 빠짐없이 한 격자에 세웠고, 국면 칸과 지표 차트를 같은 날짜 칸에 맞추면서 기록 전(9/1)과 브리핑 없는 날도 구분했다.","가판대에서 브리핑 없는 날(9/18, 9/19)이 표시 없이 빠져 9/17과 9/20이 붙어 있고, 차트 축 글자가 작고 흐리다."
밤의 가판대,브리프+토큰,A,6,8,8,8,7,6,6,4,"주 단위 선반에 같은 날 호를 번호로 묶고 다음 호 점선 자리를 두었으며, 주 구분선과 회차 표시가 있는 통합 차트가 읽기 쉽다.","발행 목록에 59.3743·59.6213처럼 자릿수가 다른 원시 값이 그대로 노출되고, 흰색 헤드라인과 옅은 조명 탓에 콘셉트가 덜 살아난다."
밤의 가판대,브리프+토큰,B,7,8,9,9,8,7,8,2,"주 단위 선반에 다음 호 자리, 발행 없는 날, 여러 회차 묶음을 모두 구분해 세웠고, 국면 칸과 세 지표 차트가 같은 날짜 축을 써서 흐름을 한눈에 읽게 한다.","발행 목록에 59.3743, 59.6213처럼 자릿수가 다른 값이 그대로 드러나고, 히어로 조명이 은은한 번짐에 그쳐 '밤의 가판대' 분위기가 옅다."
밤의 가판대,XML 태그,A,5,6,8,9,7,6,6,5,"31호 전체를 지표·메모·실행까지 담은 표와 다음 날 칸까지 이어지는 국면·지표 차트로 기능 범위가 가장 넓고, 같은 날 호를 붙여 세운 묶음이 분명하다.","헤드라인이 세 줄로 어색하게 끊기고 강조색이 없으며 조명 연출이 거의 보이지 않아 첫 화면과 콘셉트가 가장 약하고, 페이지가 지나치게 길다."
밤의 가판대,XML 태그,B,6,7,8,8,6,5,5,5,"31호 전체를 지표 수준과 변화, 메모, 실행 방식까지 한 표에 담고 CSV도 내려받게 해서 데이터가 가장 완결적이다.","선반 사이 큰 여백과 처음부터 다 펼친 표 때문에 페이지가 6,900px까지 늘어진다. 표지 라벨은 흐린 회색에 국면 칩도 없고, 헤드라인은 '되밀렸는데,'만 한 줄로 떨어진다."
편집국 1면,원래 시안,A,6,5,4,4,7,4,4,6,"큰 제호와 이탤릭 부제, 리드 문단, 크게 놓인 표지가 어우러진 첫인상은 가장 우아한 신문 1면이다.","메뉴에 있는 발행 목록·부속 문서·갱신 방식 구역이 페이지에 없고 다음 호 자리도 없으며, 브리핑 열기는 첫 화면 밖의 작은 글자 링크다."
편집국 1면,원래 시안,B,6,5,4,5,6,4,4,6,"큰 표지와 명조 헤드라인, 리드 문단이 어우러진 1면이 깔끔하고 신문다운 첫인상을 준다.","발행 목록·부속 문서·갱신 방식이 메뉴에만 있고 본문에 없으며, 전문 읽기는 첫 화면 밖의 작은 텍스트 링크이고, 지표는 축 없는 스파크라인뿐이며 표지에 휴간·다음 호 표시가 없고 9월 1일을 브리핑 없는 날로 그렸다."
편집국 1면,명세 없이,A,10,8,8,9,8,7,9,1,"귀퉁이 기사·덱·판정 근거 본문·면 안내를 갖춘 진짜 신문 1면에, 헤드라인을 단 축쇄판과 3단 검색 범위까지 더해 콘셉트와 쓰임새가 가장 깊다.","데이터에 없는 '실행 06:11~06:40'을 적어 넣었고, 첫 화면에 귀퉁이·날짜줄·덱·실행 줄이 몰려 빽빽하다."
편집국 1면,명세 없이,B,9,8,7,9,7,7,7,4,"제호 양옆 귀(오늘 국면·다음 호), '판정 근거' 리드 문단, 축쇄판·별지 명명까지 신문 콘셉트를 가장 풍부하게 구현했고 차트마다 최고·최저 주석이 붙어 정보가 충실하다.","검은 칸이 이어지는 국면 줄과 3줄 말줄임 헤드라인으로 화면이 무겁고 빽빽하며, 데이터에 없는 '실행 06:11~06:40' 같은 값을 지어 적었다."
편집국 1면,YAML,A,8,9,8,8,9,9,8,4,"오늘 표지 옆에 헤드라인·버튼·지표가 단정하게 놓이고, 국면 띠와 기준 구간을 칠한 지표 차트 3개가 같은 날짜 칸에 정확히 맞춰져 가장 깔끔하다.","다음 호를 제호 옆 귀퉁이 글로만 알려 표지 서가에는 다음 호 자리가 없고, 국면을 글자 칩으로만 구분해 신문다운 장치가 다른 안보다 단조롭다."
편집국 1면,YAML,B,8,9,8,8,9,8,8,2,"헤드라인 바로 아래 '브리핑 전문 읽기' 버튼을 둬 첫 화면 위계가 가장 명확하고, 국면 줄과 지표 차트가 같은 날짜 축에 정렬돼 흐름을 한눈에 비교할 수 있다.","국면 A~E가 모두 같은 검은 칸에 글자만 달라 무늬 구분이 없고, 다음 호는 제호 옆 글 상자에만 있어 서가에 자리가 없으며 서고 안내 표의 값 정렬이 어긋난다."
편집국 1면,JSON,A,9,8,6,8,8,7,7,5,"1면·2면·3면·판권으로 나눈 지면 구성과, 국면을 행으로 펼쳐 걸친 판정을 반 칸씩 보여 주는 국면 표가 신문답고 명료하다.","표지 색인에 휴간일 자리가 없어 9월 20일 다음에 바로 17일이 이어지고, 헤드라인이 '알트/점유율은'처럼 어색하게 끊긴다."
편집국 1면,JSON,B,8,8,6,9,8,8,7,5,"오늘 호·지난 두 호·다음 호 자리를 갖춘 1면 서가, 범위·예시·찾기 버튼을 갖춘 검색, A~E 행으로 나눈 국면 차트까지 과업 지원이 가장 친절하다.","표지 색인에 휴간(9/18·19) 자리가 없어 9월 20일 뒤에 곧바로 17일이 붙고, 같은 날 여러 호도 2회차 이후에만 표시돼 표지 서가의 날짜 구분이 약하다."
편집국 1면,브리프+토큰,A,9,9,9,8,8,9,9,2,"첫 화면에 오늘 표지·헤드라인·전폭 버튼·지표·다음 호 자리가 모두 들어오고, 같은 날 여러 호를 괄호선으로 묶고 국면을 무늬로 구분한 흑백 처리가 정교하다.",국면 띠 아래 지표 차트 세 개가 높이 80px 안팎으로 납작해 추이와 기준선을 읽기 어렵다.
편집국 1면,브리프+토큰,B,8,9,9,8,7,8,8,3,"같은 날 여러 호를 괄호선으로 묶고 휴간 자리와 다음 호 자리(서가·국면 줄 모두)를 둬 표지 구분이 가장 명확하며, 첫 화면에 헤드라인·전폭 버튼·국면·지표·서가가 모두 들어온다.","국면과 지표 구역의 차트가 납작하게 압축돼 눈금 글자가 작고 읽기 어렵고, 발행 목록도 행마다 무늬·태그가 반복돼 빽빽하다."
편집국 1면,XML 태그,A,9,8,9,9,8,8,8,3,오른쪽 서가의 표지 크기 '제32호 발행 예정' 자리와 표지 격자의 휴간 칸·회차 표기로 다음 호와 예외 날짜 구분이 가장 분명하다.,"헤드라인 아래로 표지가 밀려 첫 화면에서 표지가 절반만 보이고, 차트 축 눈금이 +1.000·0.000처럼 과하게 찍혀 둔하다."
편집국 1면,XML 태그,B,9,8,8,9,9,9,9,1,"면 번호·굵은/가는 괘선·명조 제호·단 구분선으로 신문 1면 문법을 가장 충실히 따르고, 국면 색을 빗금·점·줄 무늬로 옮겨 흑백 콘셉트와 데이터 표현을 함께 살렸다.","1면 지표 세 개가 세로로 쌓여 첫 화면에는 BTC.D만 들어오고, 같은 날 여러 호는 'N회' 글자로만 구분돼 표지 서가에서 묶음이 약하다."
달력 벽,원래 시안,A,9,6,6,5,7,6,6,6,"겹쳐 쌓은 표지, 점선 빈칸, ‘제32호 발행 예정’ 칸으로 발행한 날·빈 날·여러 번 낸 날이 한눈에 읽히는, 가장 순수한 달력 벽이다.","‘브리핑 펼치기’ 버튼이 첫 화면 밖(약 1130px)에 있고, 표지를 겹쳐 가리고 회차 배지를 표지 위에 얹어 규칙을 어기며, 국면 흐름·지표 기준선·목록·부속 문서·형제 서고가 빠졌다."
달력 벽,원래 시안,B,6,5,4,4,7,4,4,6,"달력 칸과 오른쪽 패널이 깔끔하고, 패널의 지표마다 스파크라인을 붙여 고른 날의 값과 추세를 함께 보여 준다.","여러 번 발행한 날의 표지를 겹쳐 쌓고 회차 배지를 표지 위에 얹어 '겹쳐 가리기 금지'를 어겼다. 국면 흐름, 지표 기준선·축, 부속 문서, 갱신 방식, 형제 서고, 검색 범위가 빠졌고 열기 버튼도 첫 화면 밖에 있다."
달력 벽,명세 없이,A,8,5,9,9,7,8,8,3,"여러 번 낸 날의 표지를 회차별로 모두 펼쳐 보이고, 국면 줄과 세 지표를 같은 날짜 축에 맞춘 ‘9월의 흐름’까지 갖춰 가장 완결적이다.","오늘 호 헤드라인을 글로 싣지 않았고 ‘브리핑 열기’ 버튼이 첫 화면(900px) 밖에 있으며, 표지가 칸을 꽉 채운 달력이 빽빽하다."
달력 벽,명세 없이,B,9,6,9,9,7,8,8,1,"칸 위 국면 색 띠, 빈 칸에 넣은 범례, 부속 문서 클립, 여러 번 낸 날의 표지 펼침, 날짜 축을 맞춘 국면·지표 흐름까지 달력 콘셉트를 가장 깊고 빈틈없이 풀었다.","오늘 패널에 헤드라인 텍스트가 없고, 지표 목록 아래로 밀린 '브리핑 열기' 버튼이 첫 화면(900px) 밖에 있다."
달력 벽,YAML,A,8,9,8,9,8,9,9,1,"가장 큰 오늘 표지 아래 헤드라인과 버튼을 바로 묶고, 국면 띠·9월 기록·기준선 있는 차트·지표가 붙은 발행 목록으로 다섯 가지 일을 고르게 받친다.","여러 번 낸 날의 앞선 회차 표지는 어디에도 없고, 발행 목록은 10줄만 보이며 부속 문서·갱신 방식은 바닥글 링크로만 남았다."
달력 벽,YAML,B,8,8,8,9,8,8,8,2,"상단 국면 띠, 달력, 오늘 패널, 9월 기록, 지표 차트, 발행 목록이 정돈된 순서로 이어져 다섯 가지 일을 모두 무리 없이 해낸다.","하루에 여러 번 발행한 날은 '3회' 배지로만 표시되어 앞선 회차 표지를 볼 수 없고, 부속 문서와 갱신 방식은 바닥글 링크로만 남았다."
달력 벽,JSON,A,9,8,8,8,8,9,8,2,"청회색 바탕의 흰 날짜 카드, 상단 국면 띠, 오늘 호 표지·헤드라인·버튼이 한 화면에 정돈되어 콘셉트를 가장 깔끔하게 구현했다.","지표 차트가 좁은 오른쪽 칸에 작게 끼어 있고, 같은 날 앞선 회차와 발행 목록·지표 표는 첫 상태에서 볼 수 없다."
달력 벽,JSON,B,9,9,8,8,8,8,8,3,"청회색 바탕 위 날짜마다 흰 카드를 놓아 콘셉트의 달력 벽을 가장 그대로 구현했고, 첫 화면 오른쪽에서 날짜·표지·헤드라인·열기 버튼이 군더더기 없이 이어진다.","지표 차트가 좁은 오른쪽 칸에 끼어 작고, 발행 목록과 지표 표는 토글과 링크 뒤에 있어 여러 번 발행한 날의 앞선 호는 첫 상태에서 보이지 않는다."
달력 벽,브리프+토큰,A,7,8,6,7,8,8,7,5,"세리프 헤드라인이 돋보이는 오늘 호 패널과, 국면 줄·세 지표를 같은 날짜 열에 맞추고 기준선을 띠로 깐 흐름 구역이 정갈하다.","여러 번 낸 날이 날짜 옆 작은 ‘3회’ 글자로만 표시돼 한눈에 안 보이고, 앞선 회차·발행 목록·지표 표로 가는 길이 첫 상태에 없다."
달력 벽,브리프+토큰,B,7,8,6,7,7,7,6,5,"선을 그은 달력 격자가 깔끔하고, 국면과 세 지표를 같은 날짜 축에 쌓은 '9월의 흐름'으로 추이를 한 번에 읽을 수 있다.","여러 번 발행한 날이 날짜 옆 작은 회색 '3회' 글자로만 표시되어 한눈에 보이지 않고, 범례에 걸친 판정과 '?'가 없으며 목록과 지표 표도 보이지 않는다."
달력 벽,XML 태그,A,7,8,7,8,8,8,7,4,"표지 밑 국면색 받침띠로 달력 안에서 국면 흐름이 읽히고, 빈 날과 회차까지 담은 전체 발행 목록·CSV로 모든 호에 바로 닿는다.","전체 목록 표가 페이지 절반 넘게 차지해 3,800px 넘게 길어지고, 날짜 카드 없는 달력과 여섯 중 가장 작은 오늘 표지 탓에 달력 벽의 힘이 약하다."
달력 벽,XML 태그,B,7,8,7,8,7,7,7,4,"발행 목록 표에 31호 전부와 빈 날·회차·실행 방식·지표 값이 다 들어 있고, 지표 차트에도 판정 기준선과 끊긴 구간이 표시되어 정보가 가장 충실하다.","칸 경계 없이 표지가 칸 왼쪽에 떠 있어 달력 격자가 느슨하고 'n회' 배지가 옅으며, 전체 표 때문에 페이지가 3800px 넘게 늘어진다."
