g,n,colorful,flat,edge
hk,1571,108.3,45.4,10.3
hk,1572,75.6,23.7,11.96
hk,1573,62.4,17.5,9.57
hk,1574,59.9,42.9,8.25
hk,1575,59.2,27.6,11.06
hk,1576,46.8,19.1,8.85
hk,1578,80.3,14.3,11.93
hk,1579,42.3,59.1,4.51
hk,1580,143.7,27.7,3.74
hk,1581,95.3,28.6,7.95
hk,1582,76.3,52.1,4.43
hk,1583,169.5,59.6,6.36
hk,1584,34.8,20.6,13.19
hk,1585,91.0,57.4,4.85
hk,1586,128.4,43.3,7.26
hk,1587,42.7,41.5,8.71
hk,1588,84.8,29.7,11.45
hk,1589,45.6,31.8,7.53
hk,1590,106.7,55.7,6.05
hk,1591,93.8,5.1,23.45
hk,1592,73.4,18.8,15.74
hk,1593,42.0,39.5,9.02
hk,1594,144.1,59.1,6.62
hk,1595,45.6,35.8,8.18
hk,1596,69.5,25.3,8.79
hk,1597,98.2,23.4,11.95
hk,1598,72.3,27.6,10.34
hk,1599,68.0,30.0,9.08
hk,1600,45.7,38.3,11.19
hk,1601,57.3,44.7,8.95
hk,1602,100.1,26.3,11.89
hk,1603,134.7,46.7,6.67
hk,1604,71.2,34.2,10.41
hk,1605,49.5,46.3,6.28
hk,1606,47.9,42.4,9.16
hk,1607,66.2,29.0,9.11
hk,1608,38.8,45.9,6.82
mk,2341,68.7,73.0,3.59
mk,2342,56.7,33.6,7.84
mk,2343,43.7,59.5,5.26
mk,2344,46.9,67.8,4.1
mk,2345,72.0,52.8,4.21
mk,2346,82.6,73.5,4.06
mk,2347,39.4,69.4,4.46
mk,2348,38.7,54.1,4.7
mk,2349,31.7,18.2,6.32
mk,2350,29.1,43.9,6.15
mk,2351,52.6,66.6,5.54
mk,2352,34.0,62.1,3.98
mk,2353,39.7,63.8,3.64
mk,2354,33.8,65.8,7.04
mk,2355,117.8,72.7,3.89
mk,2356,37.9,42.3,8.39
mk,2357,49.2,47.6,8.49
mk,2358,36.9,24.6,5.86
mk,2359,84.9,72.8,3.42
mk,2360,69.2,67.2,3.74
mk,2361,57.6,52.2,6.82
mk,2362,27.8,67.8,5.61
mk,2363,49.0,73.7,3.86
mk,2364,36.3,63.9,7.2
mk,2365,80.1,65.2,5.18
mk,2366,45.2,40.5,5.61
mk,2367,43.5,59.7,6.77
mk,2368,36.0,70.1,4.6
mk,2369,64.0,62.1,4.83
mk,2370,48.7,62.8,4.25
mk,2371,87.9,59.3,4.99
mk,2372,92.8,66.6,3.62
mk,2373,39.2,10.4,7.46
mk,2374,74.6,67.8,4.87
mk,2375,61.3,46.4,7.52
mk,2376,68.4,53.5,5.06
mk,2377,34.5,59.3,5.84
mk,2378,24.8,66.2,4.44
