g,n,k,c,s
mk,2341,1,#f59ba9,0.579
mk,2341,2,#f27c80,0.299
mk,2341,3,#2d2529,0.054
mk,2341,4,#e2403e,0.04
mk,2341,5,#f9f3f3,0.028
mk,2342,1,#325f6d,0.523
mk,2342,2,#1e2c34,0.206
mk,2342,3,#7aa4aa,0.118
mk,2342,4,#e9e9e1,0.105
mk,2342,5,#c88655,0.048
mk,2343,1,#dddfd6,0.778
mk,2343,2,#2e2c2d,0.082
mk,2343,3,#7896be,0.069
mk,2343,4,#b7595e,0.053
mk,2343,5,#f2893d,0.018
mk,2344,1,#4b2225,0.413
mk,2344,2,#2c313b,0.327
mk,2344,3,#e2e9ec,0.133
mk,2344,4,#5b6676,0.108
mk,2344,5,#de7226,0.019
mk,2345,1,#b3e0e2,0.465
mk,2345,2,#57c0bd,0.296
mk,2345,3,#256f70,0.197
mk,2345,4,#252224,0.028
mk,2345,5,#f37f2d,0.014
mk,2346,1,#a5d0db,0.721
mk,2346,2,#eb6b5b,0.109
mk,2346,3,#5399be,0.105
mk,2346,4,#252423,0.052
mk,2346,5,#f47c24,0.013
mk,2347,1,#b1b2b5,0.735
mk,2347,2,#191617,0.107
mk,2347,3,#6d6d6f,0.088
mk,2347,4,#df6346,0.039
mk,2347,5,#416eb0,0.031
mk,2348,1,#0d1012,0.466
mk,2348,2,#2d3338,0.369
mk,2348,3,#bbdde2,0.139
mk,2348,4,#e7762e,0.019
mk,2348,5,#eedc43,0.007
mk,2349,1,#0b0808,0.696
mk,2349,2,#453f43,0.102
mk,2349,3,#edeaea,0.091
mk,2349,4,#949094,0.076
mk,2349,5,#de8f41,0.035
mk,2350,1,#dfdee0,0.622
mk,2350,2,#141211,0.229
mk,2350,3,#476c50,0.075
mk,2350,4,#877f77,0.053
mk,2350,5,#f08c42,0.021
mk,2351,1,#4a413f,0.79
mk,2351,2,#dfdedd,0.099
mk,2351,3,#3480a7,0.06
mk,2351,4,#bc3549,0.035
mk,2351,5,#e77826,0.016
mk,2352,1,#cbc8c4,0.678
mk,2352,2,#202526,0.214
mk,2352,3,#d7a994,0.048
mk,2352,4,#7c6057,0.038
mk,2352,5,#ec6c37,0.022
mk,2353,1,#24282b,0.746
mk,2353,2,#44231c,0.139
mk,2353,3,#e4e2e1,0.06
mk,2353,4,#9f362c,0.043
mk,2353,5,#f17a21,0.012
mk,2354,1,#e7e2dc,0.772
mk,2354,2,#646564,0.102
mk,2354,3,#2d2a2a,0.093
mk,2354,4,#9a1f1c,0.019
mk,2354,5,#ee7c11,0.014
mk,2355,1,#1fb2d6,0.574
mk,2355,2,#1ca6d0,0.318
mk,2355,3,#e2ecef,0.079
mk,2355,4,#e6712f,0.017
mk,2355,5,#3b4e6a,0.012
mk,2356,1,#dcdcde,0.802
mk,2356,2,#262528,0.061
mk,2356,3,#e0a842,0.053
mk,2356,4,#787c7c,0.052
mk,2356,5,#92ba8d,0.032
mk,2357,1,#2d4641,0.334
mk,2357,2,#7790a5,0.312
mk,2357,3,#dbe2e7,0.214
mk,2357,4,#8b935a,0.123
mk,2357,5,#ee7c27,0.016
mk,2358,1,#120f2a,0.867
mk,2358,2,#ecedec,0.056
mk,2358,3,#4d484e,0.046
mk,2358,4,#da7127,0.017
mk,2358,5,#6aa44b,0.014
mk,2359,1,#cfcfd0,0.657
mk,2359,2,#d84648,0.232
mk,2359,3,#272123,0.053
mk,2359,4,#988985,0.038
mk,2359,5,#ee8e3a,0.02
mk,2360,1,#92b8b7,0.574
mk,2360,2,#973763,0.161
mk,2360,3,#ccd9d7,0.145
mk,2360,4,#301e23,0.081
mk,2360,5,#e84a25,0.039
mk,2361,1,#494067,0.349
mk,2361,2,#856261,0.282
mk,2361,3,#be7a51,0.178
mk,2361,4,#1e1615,0.14
mk,2361,5,#edeeef,0.051
mk,2362,1,#d0d6d2,0.431
mk,2362,2,#a2aca7,0.283
mk,2362,3,#75837b,0.16
mk,2362,4,#201f1d,0.111
mk,2362,5,#ed7d2b,0.015
mk,2363,1,#354d80,0.482
mk,2363,2,#2f3961,0.427
mk,2363,3,#f3f3f6,0.049
mk,2363,4,#8d879a,0.029
mk,2363,5,#ed7928,0.014
mk,2364,1,#f8f7f5,0.821
mk,2364,2,#898b89,0.073
mk,2364,3,#2c2a2d,0.068
mk,2364,4,#eb8144,0.027
mk,2364,5,#2b8ccd,0.011
mk,2365,1,#5b58a7,0.582
mk,2365,2,#80b9e2,0.168
mk,2365,3,#e4d6d6,0.141
mk,2365,4,#544b67,0.055
mk,2365,5,#ee6c4a,0.054
mk,2366,1,#a08758,0.368
mk,2366,2,#695a3e,0.285
mk,2366,3,#2f2717,0.28
mk,2366,4,#eeefed,0.048
mk,2366,5,#df7424,0.018
mk,2367,1,#526887,0.437
mk,2367,2,#929fb0,0.357
mk,2367,3,#445249,0.125
mk,2367,4,#edeae4,0.064
mk,2367,5,#e57f30,0.017
mk,2368,1,#d0cbc3,0.848
mk,2368,2,#272324,0.062
mk,2368,3,#c07c48,0.044
mk,2368,4,#696972,0.032
mk,2368,5,#f37d25,0.014
mk,2369,1,#267569,0.371
mk,2369,2,#3c947e,0.33
mk,2369,3,#152b28,0.227
mk,2369,4,#ebf4f2,0.051
mk,2369,5,#c37b22,0.02
mk,2370,1,#171531,0.449
mk,2370,2,#7396b1,0.22
mk,2370,3,#395074,0.215
mk,2370,4,#eae7e2,0.068
mk,2370,5,#8c532f,0.048
mk,2371,1,#468e9a,0.59
mk,2371,2,#181b37,0.185
mk,2371,3,#444b91,0.102
mk,2371,4,#eaebea,0.064
mk,2371,5,#e9a44e,0.059
mk,2372,1,#c4d6dd,0.543
mk,2372,2,#374c9a,0.158
mk,2372,3,#9f322e,0.146
mk,2372,4,#ea492f,0.095
mk,2372,5,#2f2a31,0.058
mk,2373,1,#adafb3,0.538
mk,2373,2,#383539,0.323
mk,2373,3,#fafafa,0.073
mk,2373,4,#45bba4,0.052
mk,2373,5,#f27f2c,0.014
mk,2374,1,#f0bfa8,0.695
mk,2374,2,#d44941,0.137
mk,2374,3,#9c7d7f,0.071
mk,2374,4,#2a262a,0.05
mk,2374,5,#89b0c7,0.047
mk,2375,1,#a0d1da,0.628
mk,2375,2,#262122,0.167
mk,2375,3,#67787c,0.117
mk,2375,4,#c0a069,0.075
mk,2375,5,#f27b23,0.013
mk,2376,1,#559388,0.631
mk,2376,2,#9fac93,0.155
mk,2376,3,#f4f0dc,0.094
mk,2376,4,#414541,0.086
mk,2376,5,#e85b36,0.034
mk,2377,1,#fbfafa,0.723
mk,2377,2,#a09b9c,0.108
mk,2377,3,#362e2f,0.093
mk,2377,4,#7c382c,0.052
mk,2377,5,#e18841,0.024
mk,2378,1,#eaeaeb,0.427
mk,2378,2,#cbcacd,0.358
mk,2378,3,#959396,0.103
mk,2378,4,#373538,0.094
mk,2378,5,#ee8337,0.017
hk,1571,1,#9c2324,0.519
hk,1571,2,#3f4558,0.161
hk,1571,3,#85826b,0.143
hk,1571,4,#dfdbd2,0.137
hk,1571,5,#f7cb21,0.04
hk,1572,1,#1a191d,0.434
hk,1572,2,#424860,0.271
hk,1572,3,#d3bbb6,0.176
hk,1572,4,#c83735,0.093
hk,1572,5,#f6ea04,0.026
hk,1573,1,#424649,0.328
hk,1573,2,#8c9eb8,0.312
hk,1573,3,#3f6084,0.196
hk,1573,4,#d3ccc3,0.129
hk,1573,5,#f1dd3c,0.036
hk,1574,1,#404988,0.391
hk,1574,2,#91a4bc,0.249
hk,1574,3,#e6eaf0,0.17
hk,1574,4,#393744,0.168
hk,1574,5,#ed4845,0.023
hk,1575,1,#1a1412,0.388
hk,1575,2,#a2855c,0.243
hk,1575,3,#dadada,0.192
hk,1575,4,#ab4e51,0.094
hk,1575,5,#576987,0.083
hk,1576,1,#222528,0.718
hk,1576,2,#e5e6e6,0.094
hk,1576,3,#495a85,0.092
hk,1576,4,#907872,0.071
hk,1576,5,#d6db2f,0.025
hk,1578,1,#ad613b,0.384
hk,1578,2,#563024,0.382
hk,1578,3,#e3bb5b,0.132
hk,1578,4,#ece7e0,0.071
hk,1578,5,#09518f,0.031
hk,1579,1,#e7cddf,0.816
hk,1579,2,#b891a3,0.067
hk,1579,3,#443138,0.062
hk,1579,4,#0d5692,0.033
hk,1579,5,#941c67,0.022
hk,1580,1,#df262c,0.69
hk,1580,2,#140b0c,0.23
hk,1580,3,#f2e6e7,0.039
hk,1580,4,#15518e,0.031
hk,1580,5,#fce107,0.01
hk,1581,1,#f6f8f8,0.39
hk,1581,2,#1b608d,0.226
hk,1581,3,#292d45,0.186
hk,1581,4,#35a5be,0.184
hk,1581,5,#941e6a,0.014
hk,1582,1,#3f579d,0.484
hk,1582,2,#2e2a32,0.26
hk,1582,3,#9e726a,0.116
hk,1582,4,#e1cecd,0.114
hk,1582,5,#f9c11f,0.026
hk,1583,1,#fdf205,0.553
hk,1583,2,#e49859,0.203
hk,1583,3,#a5c9b5,0.119
hk,1583,4,#353a49,0.104
hk,1583,5,#eb198c,0.021
hk,1584,1,#1e2127,0.525
hk,1584,2,#3f4956,0.203
hk,1584,3,#eae1d0,0.132
hk,1584,4,#91897f,0.115
hk,1584,5,#8e2167,0.025
hk,1585,1,#2a2c48,0.517
hk,1585,2,#325a9d,0.26
hk,1585,3,#c13839,0.116
hk,1585,4,#dee6ea,0.086
hk,1585,5,#f4eb09,0.021
hk,1586,1,#ef7537,0.603
hk,1586,2,#1b1918,0.292
hk,1586,3,#f6f6f6,0.046
hk,1586,4,#f8ee01,0.03
hk,1586,5,#0a5290,0.029
hk,1587,1,#c9dccf,0.551
hk,1587,2,#36343a,0.244
hk,1587,3,#ba9386,0.154
hk,1587,4,#1d538e,0.035
hk,1587,5,#921c68,0.016
hk,1588,1,#282027,0.435
hk,1588,2,#32508c,0.232
hk,1588,3,#9a4a34,0.223
hk,1588,4,#eaeaea,0.07
hk,1588,5,#f1d732,0.041
hk,1589,1,#1c1b18,0.542
hk,1589,2,#553e2b,0.187
hk,1589,3,#c89874,0.173
hk,1589,4,#f5f2ef,0.066
hk,1589,5,#145390,0.032
hk,1590,1,#117e69,0.594
hk,1590,2,#2e3336,0.256
hk,1590,3,#dcddd9,0.098
hk,1590,4,#cc272b,0.027
hk,1590,5,#f4ed07,0.025
hk,1591,1,#a56b41,0.384
hk,1591,2,#493325,0.259
hk,1591,3,#eaa841,0.205
hk,1591,4,#dfe1de,0.1
hk,1591,5,#3c6fa0,0.052
hk,1592,1,#272831,0.544
hk,1592,2,#545887,0.213
hk,1592,3,#e6e0e0,0.113
hk,1592,4,#cc6d60,0.095
hk,1592,5,#f5ed0d,0.035
hk,1593,1,#f4efe9,0.299
hk,1593,2,#5c5755,0.288
hk,1593,3,#fcdfbe,0.281
hk,1593,4,#9c9b9d,0.102
hk,1593,5,#03518f,0.029
hk,1594,1,#fecb1a,0.705
hk,1594,2,#c5c5b9,0.14
hk,1594,3,#514f46,0.098
hk,1594,4,#145290,0.032
hk,1594,5,#7e2118,0.025
hk,1595,1,#e0e1e6,0.395
hk,1595,2,#323547,0.277
hk,1595,3,#939fb6,0.175
hk,1595,4,#c09286,0.136
hk,1595,5,#d0388a,0.017
hk,1596,1,#465269,0.333
hk,1596,2,#8a95ab,0.272
hk,1596,3,#eadfd1,0.248
hk,1596,4,#ce996c,0.11
hk,1596,5,#f6ed03,0.037
hk,1597,1,#df8839,0.34
hk,1597,2,#282729,0.267
hk,1597,3,#7f5230,0.248
hk,1597,4,#f3c753,0.095
hk,1597,5,#f0ebe2,0.05
hk,1598,1,#2a2834,0.398
hk,1598,2,#3c4a76,0.217
hk,1598,3,#cfb6b0,0.21
hk,1598,4,#983133,0.154
hk,1598,5,#f1e90a,0.021
hk,1599,1,#2d3246,0.33
hk,1599,2,#3f638a,0.286
hk,1599,3,#743e39,0.19
hk,1599,4,#c3c6c9,0.173
hk,1599,5,#f9ef0d,0.021
hk,1600,1,#f7e5c7,0.548
hk,1600,2,#a29888,0.296
hk,1600,3,#4c4d48,0.107
hk,1600,4,#055190,0.03
hk,1600,5,#901f1e,0.019
hk,1601,1,#fafbfb,0.521
hk,1601,2,#b8a195,0.265
hk,1601,3,#414140,0.14
hk,1601,4,#ea228b,0.044
hk,1601,5,#075190,0.03
hk,1602,1,#3d3d3e,0.456
hk,1602,2,#3a97cf,0.336
hk,1602,3,#805538,0.09
hk,1602,4,#d7d6d7,0.087
hk,1602,5,#f7eb0a,0.031
hk,1603,1,#2464a7,0.24
hk,1603,2,#fbb525,0.239
hk,1603,3,#403f4d,0.226
hk,1603,4,#dab6b7,0.183
hk,1603,5,#149590,0.112
hk,1604,1,#2f3650,0.397
hk,1604,2,#396296,0.327
hk,1604,3,#7b97b8,0.161
hk,1604,4,#e0dbdd,0.093
hk,1604,5,#f0e706,0.022
hk,1605,1,#e4e2db,0.434
hk,1605,2,#bcb8ad,0.359
hk,1605,3,#605047,0.099
hk,1605,4,#cc6651,0.058
hk,1605,5,#236094,0.051
hk,1606,1,#e2d5ca,0.64
hk,1606,2,#372b29,0.168
hk,1606,3,#8a786f,0.144
hk,1606,4,#05518f,0.03
hk,1606,5,#f3e907,0.018
hk,1607,1,#2a292f,0.439
hk,1607,2,#94704f,0.286
hk,1607,3,#dacfc4,0.148
hk,1607,4,#699a83,0.102
hk,1607,5,#f7ec0a,0.024
hk,1608,1,#dcd7d3,0.631
hk,1608,2,#322e2b,0.156
hk,1608,3,#9b8881,0.108
hk,1608,4,#294b78,0.069
hk,1608,5,#b14b36,0.036
