크기(바이트)	경로
234050	책표지_베스트셀러_20260930/1_알라딘_주간베스트_9월4주/01_가호_앞표지.jpg
517702	책표지_베스트셀러_20260930/1_알라딘_주간베스트_9월4주/02_세네카, 오늘을 빼앗기고 있는 당신에게_앞표지.jpg
662398	책표지_베스트셀러_20260930/1_알라딘_주간베스트_9월4주/02_세네카, 오늘을 빼앗기고 있는 당신에게_뒷표지.jpg
28933	책표지_베스트셀러_20260930/1_알라딘_주간베스트_9월4주/02_세네카, 오늘을 빼앗기고 있는 당신에게_책등.jpg
686673	책표지_베스트셀러_20260930/1_알라딘_주간베스트_9월4주/03_룩 백 (스페셜 에디션)_앞표지.jpg
1359297	책표지_베스트셀러_20260930/1_알라딘_주간베스트_9월4주/04_한국사 이상현상 연구원_앞표지.jpg
1127596	책표지_베스트셀러_20260930/1_알라딘_주간베스트_9월4주/04_한국사 이상현상 연구원_뒷표지.jpg
48238	책표지_베스트셀러_20260930/1_알라딘_주간베스트_9월4주/04_한국사 이상현상 연구원_책등.jpg
1783425	책표지_베스트셀러_20260930/1_알라딘_주간베스트_9월4주/05_싯다르타_앞표지.jpg
487258	책표지_베스트셀러_20260930/1_알라딘_주간베스트_9월4주/05_싯다르타_뒷표지.jpg
10757	책표지_베스트셀러_20260930/1_알라딘_주간베스트_9월4주/05_싯다르타_책등.jpg
1132010	책표지_베스트셀러_20260930/1_알라딘_주간베스트_9월4주/06_흔한남매 23_앞표지.jpg
490757	책표지_베스트셀러_20260930/1_알라딘_주간베스트_9월4주/06_흔한남매 23_뒷표지.jpg
22253	책표지_베스트셀러_20260930/1_알라딘_주간베스트_9월4주/06_흔한남매 23_책등.jpg
215390	책표지_베스트셀러_20260930/1_알라딘_주간베스트_9월4주/07_데뷔 못 하면 죽는 병 걸림 5부 초판 한정 굿즈박스 세트 - 전4권_앞표지.jpg
212816	책표지_베스트셀러_20260930/1_알라딘_주간베스트_9월4주/07_데뷔 못 하면 죽는 병 걸림 5부 초판 한정 굿즈박스 세트 - 전4권_뒷표지.jpg
1050843	책표지_베스트셀러_20260930/1_알라딘_주간베스트_9월4주/08_빵충 사육 준수 사항_앞표지.jpg
1099743	책표지_베스트셀러_20260930/1_알라딘_주간베스트_9월4주/08_빵충 사육 준수 사항_뒷표지.jpg
29805	책표지_베스트셀러_20260930/1_알라딘_주간베스트_9월4주/08_빵충 사육 준수 사항_책등.jpg
267682	책표지_베스트셀러_20260930/1_알라딘_주간베스트_9월4주/09_박완서의 낱말들_앞표지.jpg
222942	책표지_베스트셀러_20260930/1_알라딘_주간베스트_9월4주/09_박완서의 낱말들_뒷표지.jpg
8057	책표지_베스트셀러_20260930/1_알라딘_주간베스트_9월4주/09_박완서의 낱말들_책등.jpg
170806	책표지_베스트셀러_20260930/1_알라딘_주간베스트_9월4주/10_모순_앞표지.jpg
167486	책표지_베스트셀러_20260930/1_알라딘_주간베스트_9월4주/10_모순_뒷표지.jpg
422925	책표지_베스트셀러_20260930/1_알라딘_주간베스트_9월4주/11_브람스를 좋아하세요_앞표지.jpg
594659	책표지_베스트셀러_20260930/1_알라딘_주간베스트_9월4주/11_브람스를 좋아하세요_뒷표지.jpg
13172	책표지_베스트셀러_20260930/1_알라딘_주간베스트_9월4주/11_브람스를 좋아하세요_책등.jpg
287257	책표지_베스트셀러_20260930/1_알라딘_주간베스트_9월4주/12_그랬다고 적었다_앞표지.jpg
245720	책표지_베스트셀러_20260930/1_알라딘_주간베스트_9월4주/12_그랬다고 적었다_뒷표지.jpg
14315	책표지_베스트셀러_20260930/1_알라딘_주간베스트_9월4주/12_그랬다고 적었다_책등.jpg
434192	책표지_베스트셀러_20260930/1_알라딘_주간베스트_9월4주/13_수족관_앞표지.jpg
174146	책표지_베스트셀러_20260930/1_알라딘_주간베스트_9월4주/13_수족관_뒷표지.jpg
39462	책표지_베스트셀러_20260930/1_알라딘_주간베스트_9월4주/13_수족관_책등.jpg
873320	책표지_베스트셀러_20260930/1_알라딘_주간베스트_9월4주/14_옥스브리지의 철학 수업_앞표지.jpg
836508	책표지_베스트셀러_20260930/1_알라딘_주간베스트_9월4주/14_옥스브리지의 철학 수업_뒷표지.jpg
25766	책표지_베스트셀러_20260930/1_알라딘_주간베스트_9월4주/14_옥스브리지의 철학 수업_책등.jpg
1102557	책표지_베스트셀러_20260930/1_알라딘_주간베스트_9월4주/15_울어 봐, 빌어도 좋고 컬러링북_앞표지.jpg
1068371	책표지_베스트셀러_20260930/1_알라딘_주간베스트_9월4주/15_울어 봐, 빌어도 좋고 컬러링북_뒷표지.jpg
358842	책표지_베스트셀러_20260930/1_알라딘_주간베스트_9월4주/16_데미안_앞표지.jpg
448937	책표지_베스트셀러_20260930/1_알라딘_주간베스트_9월4주/16_데미안_뒷표지.jpg
8833	책표지_베스트셀러_20260930/1_알라딘_주간베스트_9월4주/16_데미안_책등.jpg
1827395	책표지_베스트셀러_20260930/1_알라딘_주간베스트_9월4주/17_멜로우TV 팀나빠 추리 탐정단 1_앞표지.jpg
1585055	책표지_베스트셀러_20260930/1_알라딘_주간베스트_9월4주/17_멜로우TV 팀나빠 추리 탐정단 1_뒷표지.jpg
20859	책표지_베스트셀러_20260930/1_알라딘_주간베스트_9월4주/17_멜로우TV 팀나빠 추리 탐정단 1_책등.jpg
1044908	책표지_베스트셀러_20260930/1_알라딘_주간베스트_9월4주/18_캐릭캐릭 체인지! Jewel Joker 주얼 조커 4_앞표지.jpg
774348	책표지_베스트셀러_20260930/1_알라딘_주간베스트_9월4주/19_쇼펜하우어 인생수업 한 번뿐인 삶 이렇게 살아라 (30만 부 기념 개정증_앞표지.jpg
328947	책표지_베스트셀러_20260930/1_알라딘_주간베스트_9월4주/19_쇼펜하우어 인생수업 한 번뿐인 삶 이렇게 살아라 (30만 부 기념 개정증_뒷표지.jpg
16595	책표지_베스트셀러_20260930/1_알라딘_주간베스트_9월4주/19_쇼펜하우어 인생수업 한 번뿐인 삶 이렇게 살아라 (30만 부 기념 개정증_책등.jpg
820653	책표지_베스트셀러_20260930/1_알라딘_주간베스트_9월4주/20_테오_앞표지.jpg
666983	책표지_베스트셀러_20260930/1_알라딘_주간베스트_9월4주/20_테오_뒷표지.jpg
17692	책표지_베스트셀러_20260930/1_알라딘_주간베스트_9월4주/20_테오_책등.jpg
110344	책표지_베스트셀러_20260930/1_알라딘_주간베스트_9월4주/21_이방인_앞표지.jpg
559655	책표지_베스트셀러_20260930/1_알라딘_주간베스트_9월4주/21_이방인_뒷표지.jpg
13287	책표지_베스트셀러_20260930/1_알라딘_주간베스트_9월4주/21_이방인_책등.jpg
260044	책표지_베스트셀러_20260930/1_알라딘_주간베스트_9월4주/22_트렌드 코리아 2027_앞표지.jpg
386594	책표지_베스트셀러_20260930/1_알라딘_주간베스트_9월4주/22_트렌드 코리아 2027_뒷표지.jpg
28871	책표지_베스트셀러_20260930/1_알라딘_주간베스트_9월4주/22_트렌드 코리아 2027_책등.jpg
224363	책표지_베스트셀러_20260930/1_알라딘_주간베스트_9월4주/23_시대예보 수고인류의 시간_앞표지.jpg
252112	책표지_베스트셀러_20260930/1_알라딘_주간베스트_9월4주/23_시대예보 수고인류의 시간_뒷표지.jpg
8553	책표지_베스트셀러_20260930/1_알라딘_주간베스트_9월4주/23_시대예보 수고인류의 시간_책등.jpg
1479594	책표지_베스트셀러_20260930/1_알라딘_주간베스트_9월4주/24_머니 트렌드 2027_앞표지.jpg
1051221	책표지_베스트셀러_20260930/1_알라딘_주간베스트_9월4주/24_머니 트렌드 2027_뒷표지.jpg
34094	책표지_베스트셀러_20260930/1_알라딘_주간베스트_9월4주/24_머니 트렌드 2027_책등.jpg
364925	책표지_베스트셀러_20260930/1_알라딘_주간베스트_9월4주/25_녹색 절벽의 신자들_앞표지.jpg
379633	책표지_베스트셀러_20260930/1_알라딘_주간베스트_9월4주/25_녹색 절벽의 신자들_뒷표지.jpg
52161	책표지_베스트셀러_20260930/1_알라딘_주간베스트_9월4주/25_녹색 절벽의 신자들_책등.jpg
681429	책표지_베스트셀러_20260930/1_알라딘_주간베스트_9월4주/26_문해내공_앞표지.jpg
618723	책표지_베스트셀러_20260930/1_알라딘_주간베스트_9월4주/26_문해내공_뒷표지.jpg
22459	책표지_베스트셀러_20260930/1_알라딘_주간베스트_9월4주/26_문해내공_책등.jpg
133253	책표지_베스트셀러_20260930/1_알라딘_주간베스트_9월4주/27_2026 큰별쌤 최태성의 별★별한국사 기출 500제 한국사능력검정시험 심_앞표지.jpg
145758	책표지_베스트셀러_20260930/1_알라딘_주간베스트_9월4주/27_2026 큰별쌤 최태성의 별★별한국사 기출 500제 한국사능력검정시험 심_뒷표지.jpg
15058	책표지_베스트셀러_20260930/1_알라딘_주간베스트_9월4주/27_2026 큰별쌤 최태성의 별★별한국사 기출 500제 한국사능력검정시험 심_책등.jpg
213218	책표지_베스트셀러_20260930/1_알라딘_주간베스트_9월4주/28_빛과 소리를 만져보면_앞표지.jpg
211243	책표지_베스트셀러_20260930/1_알라딘_주간베스트_9월4주/28_빛과 소리를 만져보면_뒷표지.jpg
20036	책표지_베스트셀러_20260930/1_알라딘_주간베스트_9월4주/28_빛과 소리를 만져보면_책등.jpg
1558845	책표지_베스트셀러_20260930/1_알라딘_주간베스트_9월4주/29_에그박사 19_앞표지.jpg
584527	책표지_베스트셀러_20260930/1_알라딘_주간베스트_9월4주/29_에그박사 19_뒷표지.jpg
15675	책표지_베스트셀러_20260930/1_알라딘_주간베스트_9월4주/29_에그박사 19_책등.jpg
5090358	책표지_베스트셀러_20260930/1_알라딘_주간베스트_9월4주/30_마음의 어휘력_앞표지.jpg
4920601	책표지_베스트셀러_20260930/1_알라딘_주간베스트_9월4주/30_마음의 어휘력_뒷표지.jpg
24162	책표지_베스트셀러_20260930/1_알라딘_주간베스트_9월4주/30_마음의 어휘력_책등.jpg
440534	책표지_베스트셀러_20260930/1_알라딘_주간베스트_9월4주/31_원소 원정대_앞표지.jpg
392885	책표지_베스트셀러_20260930/1_알라딘_주간베스트_9월4주/31_원소 원정대_뒷표지.jpg
21305	책표지_베스트셀러_20260930/1_알라딘_주간베스트_9월4주/31_원소 원정대_책등.jpg
189016	책표지_베스트셀러_20260930/1_알라딘_주간베스트_9월4주/32_니체의 초월자_앞표지.jpg
65994	책표지_베스트셀러_20260930/1_알라딘_주간베스트_9월4주/32_니체의 초월자_뒷표지.jpg
12811	책표지_베스트셀러_20260930/1_알라딘_주간베스트_9월4주/32_니체의 초월자_책등.jpg
980336	책표지_베스트셀러_20260930/1_알라딘_주간베스트_9월4주/33_유선과 랄프_앞표지.jpg
987356	책표지_베스트셀러_20260930/1_알라딘_주간베스트_9월4주/33_유선과 랄프_뒷표지.jpg
24786	책표지_베스트셀러_20260930/1_알라딘_주간베스트_9월4주/33_유선과 랄프_책등.jpg
726180	책표지_베스트셀러_20260930/1_알라딘_주간베스트_9월4주/34_찌니주의보_앞표지.jpg
667112	책표지_베스트셀러_20260930/1_알라딘_주간베스트_9월4주/34_찌니주의보_뒷표지.jpg
16134	책표지_베스트셀러_20260930/1_알라딘_주간베스트_9월4주/34_찌니주의보_책등.jpg
726028	책표지_베스트셀러_20260930/1_알라딘_주간베스트_9월4주/35_칵테일을 마시는 철학자들_앞표지.jpg
459361	책표지_베스트셀러_20260930/1_알라딘_주간베스트_9월4주/35_칵테일을 마시는 철학자들_뒷표지.jpg
33951	책표지_베스트셀러_20260930/1_알라딘_주간베스트_9월4주/35_칵테일을 마시는 철학자들_책등.jpg
184451	책표지_베스트셀러_20260930/1_알라딘_주간베스트_9월4주/36_이지패스 2026 ADsP 데이터분석 준전문가 (수험서 앱 제공)_앞표지.jpg
190626	책표지_베스트셀러_20260930/1_알라딘_주간베스트_9월4주/36_이지패스 2026 ADsP 데이터분석 준전문가 (수험서 앱 제공)_뒷표지.jpg
19033	책표지_베스트셀러_20260930/1_알라딘_주간베스트_9월4주/36_이지패스 2026 ADsP 데이터분석 준전문가 (수험서 앱 제공)_책등.jpg
578724	책표지_베스트셀러_20260930/1_알라딘_주간베스트_9월4주/37_그거 사전 2_앞표지.jpg
720973	책표지_베스트셀러_20260930/1_알라딘_주간베스트_9월4주/37_그거 사전 2_뒷표지.jpg
24532	책표지_베스트셀러_20260930/1_알라딘_주간베스트_9월4주/37_그거 사전 2_책등.jpg
2089265	책표지_베스트셀러_20260930/1_알라딘_주간베스트_9월4주/38_백앤아×고고프렌즈 국어별동대 1 시작_앞표지.jpg
1866039	책표지_베스트셀러_20260930/1_알라딘_주간베스트_9월4주/38_백앤아×고고프렌즈 국어별동대 1 시작_뒷표지.jpg
16372	책표지_베스트셀러_20260930/1_알라딘_주간베스트_9월4주/38_백앤아×고고프렌즈 국어별동대 1 시작_책등.jpg
713223	책표지_베스트셀러_20260930/1_알라딘_주간베스트_9월4주/39_브레인 악셀_앞표지.jpg
778412	책표지_베스트셀러_20260930/1_알라딘_주간베스트_9월4주/39_브레인 악셀_뒷표지.jpg
20695	책표지_베스트셀러_20260930/1_알라딘_주간베스트_9월4주/39_브레인 악셀_책등.jpg
82698	책표지_베스트셀러_20260930/1_알라딘_주간베스트_9월4주/40_눈 내리는 삼일포_앞표지.jpg
279246	책표지_베스트셀러_20260930/1_알라딘_주간베스트_9월4주/40_눈 내리는 삼일포_뒷표지.jpg
959277	책표지_베스트셀러_20260930/1_알라딘_주간베스트_9월4주/41_리더는 언제 차이를 만들어내는가_앞표지.jpg
886219	책표지_베스트셀러_20260930/1_알라딘_주간베스트_9월4주/41_리더는 언제 차이를 만들어내는가_뒷표지.jpg
15384	책표지_베스트셀러_20260930/1_알라딘_주간베스트_9월4주/41_리더는 언제 차이를 만들어내는가_책등.jpg
1390644	책표지_베스트셀러_20260930/1_알라딘_주간베스트_9월4주/42_찰리 멍거 바이블 완결판_앞표지.jpg
1544107	책표지_베스트셀러_20260930/1_알라딘_주간베스트_9월4주/42_찰리 멍거 바이블 완결판_뒷표지.jpg
53633	책표지_베스트셀러_20260930/1_알라딘_주간베스트_9월4주/42_찰리 멍거 바이블 완결판_책등.jpg
1152871	책표지_베스트셀러_20260930/1_알라딘_주간베스트_9월4주/43_용기를 찾아서_앞표지.jpg
211114	책표지_베스트셀러_20260930/1_알라딘_주간베스트_9월4주/43_용기를 찾아서_뒷표지.jpg
45622	책표지_베스트셀러_20260930/1_알라딘_주간베스트_9월4주/43_용기를 찾아서_책등.jpg
816217	책표지_베스트셀러_20260930/1_알라딘_주간베스트_9월4주/44_2027 공단기 써니 행정법총론 기출문제집 - 전2권_앞표지.jpg
114908	책표지_베스트셀러_20260930/1_알라딘_주간베스트_9월4주/44_2027 공단기 써니 행정법총론 기출문제집 - 전2권_뒷표지.jpg
8136	책표지_베스트셀러_20260930/1_알라딘_주간베스트_9월4주/44_2027 공단기 써니 행정법총론 기출문제집 - 전2권_책등.jpg
868168	책표지_베스트셀러_20260930/1_알라딘_주간베스트_9월4주/45_캐릭캐릭 체인지! Jewel Joker 주얼 조커 4 (특장판)_앞표지.jpg
259632	책표지_베스트셀러_20260930/1_알라딘_주간베스트_9월4주/46_인간 실격_앞표지.jpg
213531	책표지_베스트셀러_20260930/1_알라딘_주간베스트_9월4주/46_인간 실격_뒷표지.jpg
8477	책표지_베스트셀러_20260930/1_알라딘_주간베스트_9월4주/46_인간 실격_책등.jpg
1044081	책표지_베스트셀러_20260930/1_알라딘_주간베스트_9월4주/47_2026 큰별쌤 최태성의 별★별한국사 한국사능력검정시험 심화(1, 2,_앞표지.jpg
1208388	책표지_베스트셀러_20260930/1_알라딘_주간베스트_9월4주/47_2026 큰별쌤 최태성의 별★별한국사 한국사능력검정시험 심화(1, 2,_뒷표지.jpg
15877	책표지_베스트셀러_20260930/1_알라딘_주간베스트_9월4주/47_2026 큰별쌤 최태성의 별★별한국사 한국사능력검정시험 심화(1, 2,_책등.jpg
1043875	책표지_베스트셀러_20260930/1_알라딘_주간베스트_9월4주/48_2026 큰별쌤 최태성의 별★별한국사 한국사능력검정시험 심화(1, 2,_앞표지.jpg
1164068	책표지_베스트셀러_20260930/1_알라딘_주간베스트_9월4주/48_2026 큰별쌤 최태성의 별★별한국사 한국사능력검정시험 심화(1, 2,_뒷표지.jpg
16118	책표지_베스트셀러_20260930/1_알라딘_주간베스트_9월4주/48_2026 큰별쌤 최태성의 별★별한국사 한국사능력검정시험 심화(1, 2,_책등.jpg
345445	책표지_베스트셀러_20260930/1_알라딘_주간베스트_9월4주/49_나의 첫 번째 부동산 교과서_앞표지.jpg
372956	책표지_베스트셀러_20260930/1_알라딘_주간베스트_9월4주/49_나의 첫 번째 부동산 교과서_뒷표지.jpg
29439	책표지_베스트셀러_20260930/1_알라딘_주간베스트_9월4주/49_나의 첫 번째 부동산 교과서_책등.jpg
550991	책표지_베스트셀러_20260930/1_알라딘_주간베스트_9월4주/50_아주 작은 습관의 힘 (50만 부 기념 스페셜 에디션)_앞표지.jpg
345168	책표지_베스트셀러_20260930/1_알라딘_주간베스트_9월4주/50_아주 작은 습관의 힘 (50만 부 기념 스페셜 에디션)_뒷표지.jpg
16558	책표지_베스트셀러_20260930/1_알라딘_주간베스트_9월4주/50_아주 작은 습관의 힘 (50만 부 기념 스페셜 에디션)_책등.jpg
97843	책표지_베스트셀러_20260930/2_예스24_주별베스트_0921-0927/01_세네카, 오늘을 빼앗기고 있는 당신에게_앞표지.jpg
121388	책표지_베스트셀러_20260930/2_예스24_주별베스트_0921-0927/01_세네카, 오늘을 빼앗기고 있는 당신에게_뒷표지.jpg
21017	책표지_베스트셀러_20260930/2_예스24_주별베스트_0921-0927/01_세네카, 오늘을 빼앗기고 있는 당신에게_책등.jpg
168890	책표지_베스트셀러_20260930/2_예스24_주별베스트_0921-0927/02_룩 백 스페셜 에디션_앞표지.jpg
83673	책표지_베스트셀러_20260930/2_예스24_주별베스트_0921-0927/03_포핸즈 대본집 세트_앞표지.jpg
205381	책표지_베스트셀러_20260930/2_예스24_주별베스트_0921-0927/04_흔한남매 23_앞표지.jpg
96725	책표지_베스트셀러_20260930/2_예스24_주별베스트_0921-0927/04_흔한남매 23_뒷표지.jpg
21573	책표지_베스트셀러_20260930/2_예스24_주별베스트_0921-0927/04_흔한남매 23_책등.jpg
186174	책표지_베스트셀러_20260930/2_예스24_주별베스트_0921-0927/05_한국사 이상현상 연구원_앞표지.jpg
130063	책표지_베스트셀러_20260930/2_예스24_주별베스트_0921-0927/05_한국사 이상현상 연구원_뒷표지.jpg
32105	책표지_베스트셀러_20260930/2_예스24_주별베스트_0921-0927/05_한국사 이상현상 연구원_책등.jpg
113208	책표지_베스트셀러_20260930/2_예스24_주별베스트_0921-0927/06_싯다르타_앞표지.jpg
95217	책표지_베스트셀러_20260930/2_예스24_주별베스트_0921-0927/06_싯다르타_뒷표지.jpg
7501	책표지_베스트셀러_20260930/2_예스24_주별베스트_0921-0927/06_싯다르타_책등.jpg
88778	책표지_베스트셀러_20260930/2_예스24_주별베스트_0921-0927/07_2027 공단기 소방단기 써니 행정법총론 기출문제집_앞표지.jpg
200076	책표지_베스트셀러_20260930/2_예스24_주별베스트_0921-0927/08_머니 트렌드 2027_앞표지.jpg
152000	책표지_베스트셀러_20260930/2_예스24_주별베스트_0921-0927/08_머니 트렌드 2027_뒷표지.jpg
22300	책표지_베스트셀러_20260930/2_예스24_주별베스트_0921-0927/08_머니 트렌드 2027_책등.jpg
161537	책표지_베스트셀러_20260930/2_예스24_주별베스트_0921-0927/09_쇼펜하우어 인생수업 (30만 부 기념 개정증보판)_앞표지.jpg
88044	책표지_베스트셀러_20260930/2_예스24_주별베스트_0921-0927/09_쇼펜하우어 인생수업 (30만 부 기념 개정증보판)_뒷표지.jpg
10243	책표지_베스트셀러_20260930/2_예스24_주별베스트_0921-0927/09_쇼펜하우어 인생수업 (30만 부 기념 개정증보판)_책등.jpg
103543	책표지_베스트셀러_20260930/2_예스24_주별베스트_0921-0927/10_니체의 초월자_앞표지.jpg
57348	책표지_베스트셀러_20260930/2_예스24_주별베스트_0921-0927/10_니체의 초월자_뒷표지.jpg
12618	책표지_베스트셀러_20260930/2_예스24_주별베스트_0921-0927/10_니체의 초월자_책등.jpg
121837	책표지_베스트셀러_20260930/2_예스24_주별베스트_0921-0927/11_모순_앞표지.jpg
119428	책표지_베스트셀러_20260930/2_예스24_주별베스트_0921-0927/11_모순_뒷표지.jpg
25326	책표지_베스트셀러_20260930/2_예스24_주별베스트_0921-0927/11_모순_책등.jpg
150766	책표지_베스트셀러_20260930/2_예스24_주별베스트_0921-0927/12_마음의 어휘력_앞표지.jpg
125711	책표지_베스트셀러_20260930/2_예스24_주별베스트_0921-0927/12_마음의 어휘력_뒷표지.jpg
15812	책표지_베스트셀러_20260930/2_예스24_주별베스트_0921-0927/12_마음의 어휘력_책등.jpg
104102	책표지_베스트셀러_20260930/2_예스24_주별베스트_0921-0927/13_그랬다고 적었다_앞표지.jpg
108978	책표지_베스트셀러_20260930/2_예스24_주별베스트_0921-0927/13_그랬다고 적었다_뒷표지.jpg
8849	책표지_베스트셀러_20260930/2_예스24_주별베스트_0921-0927/13_그랬다고 적었다_책등.jpg
200344	책표지_베스트셀러_20260930/2_예스24_주별베스트_0921-0927/14_빵충 사육 준수 사항_앞표지.jpg
199193	책표지_베스트셀러_20260930/2_예스24_주별베스트_0921-0927/14_빵충 사육 준수 사항_뒷표지.jpg
22945	책표지_베스트셀러_20260930/2_예스24_주별베스트_0921-0927/14_빵충 사육 준수 사항_책등.jpg
94457	책표지_베스트셀러_20260930/2_예스24_주별베스트_0921-0927/15_신경 끄기의 기술 (한교동 에디션)_앞표지.jpg
99233	책표지_베스트셀러_20260930/2_예스24_주별베스트_0921-0927/15_신경 끄기의 기술 (한교동 에디션)_뒷표지.jpg
13624	책표지_베스트셀러_20260930/2_예스24_주별베스트_0921-0927/15_신경 끄기의 기술 (한교동 에디션)_책등.jpg
97452	책표지_베스트셀러_20260930/2_예스24_주별베스트_0921-0927/16_2026 큰별쌤 최태성의 별별한국사 한국사능력검정시험 심화(1,2,3급)_앞표지.jpg
179995	책표지_베스트셀러_20260930/2_예스24_주별베스트_0921-0927/16_2026 큰별쌤 최태성의 별별한국사 한국사능력검정시험 심화(1,2,3급)_뒷표지.jpg
11014	책표지_베스트셀러_20260930/2_예스24_주별베스트_0921-0927/16_2026 큰별쌤 최태성의 별별한국사 한국사능력검정시험 심화(1,2,3급)_책등.jpg
137904	책표지_베스트셀러_20260930/2_예스24_주별베스트_0921-0927/17_아주 작은 습관의 힘 (50만 부 기념 스페셜 에디션)_앞표지.jpg
95850	책표지_베스트셀러_20260930/2_예스24_주별베스트_0921-0927/17_아주 작은 습관의 힘 (50만 부 기념 스페셜 에디션)_뒷표지.jpg
12675	책표지_베스트셀러_20260930/2_예스24_주별베스트_0921-0927/17_아주 작은 습관의 힘 (50만 부 기념 스페셜 에디션)_책등.jpg
97567	책표지_베스트셀러_20260930/2_예스24_주별베스트_0921-0927/18_2026 큰별쌤 최태성의 별별한국사 한국사능력검정시험 심화(1,2,3급)_앞표지.jpg
169977	책표지_베스트셀러_20260930/2_예스24_주별베스트_0921-0927/18_2026 큰별쌤 최태성의 별별한국사 한국사능력검정시험 심화(1,2,3급)_뒷표지.jpg
11071	책표지_베스트셀러_20260930/2_예스24_주별베스트_0921-0927/18_2026 큰별쌤 최태성의 별별한국사 한국사능력검정시험 심화(1,2,3급)_책등.jpg
115697	책표지_베스트셀러_20260930/2_예스24_주별베스트_0921-0927/19_2026 큰별쌤 최태성의 별별한국사 기출 500제 한국사능력검정시험 심화_앞표지.jpg
175725	책표지_베스트셀러_20260930/2_예스24_주별베스트_0921-0927/19_2026 큰별쌤 최태성의 별별한국사 기출 500제 한국사능력검정시험 심화_뒷표지.jpg
12017	책표지_베스트셀러_20260930/2_예스24_주별베스트_0921-0927/19_2026 큰별쌤 최태성의 별별한국사 기출 500제 한국사능력검정시험 심화_책등.jpg
57329	책표지_베스트셀러_20260930/2_예스24_주별베스트_0921-0927/20_수족관_앞표지.jpg
56549	책표지_베스트셀러_20260930/2_예스24_주별베스트_0921-0927/20_수족관_뒷표지.jpg
6511	책표지_베스트셀러_20260930/2_예스24_주별베스트_0921-0927/20_수족관_책등.jpg
107262	책표지_베스트셀러_20260930/2_예스24_주별베스트_0921-0927/21_옥스브리지의 철학 수업_앞표지.jpg
101058	책표지_베스트셀러_20260930/2_예스24_주별베스트_0921-0927/21_옥스브리지의 철학 수업_뒷표지.jpg
17064	책표지_베스트셀러_20260930/2_예스24_주별베스트_0921-0927/21_옥스브리지의 철학 수업_책등.jpg
166163	책표지_베스트셀러_20260930/2_예스24_주별베스트_0921-0927/22_원소 원정대 118개 캐릭터로 마스터하는 주기율표 공략집_앞표지.jpg
160721	책표지_베스트셀러_20260930/2_예스24_주별베스트_0921-0927/22_원소 원정대 118개 캐릭터로 마스터하는 주기율표 공략집_뒷표지.jpg
14737	책표지_베스트셀러_20260930/2_예스24_주별베스트_0921-0927/22_원소 원정대 118개 캐릭터로 마스터하는 주기율표 공략집_책등.jpg
175782	책표지_베스트셀러_20260930/2_예스24_주별베스트_0921-0927/23_오디세이아_앞표지.jpg
129613	책표지_베스트셀러_20260930/2_예스24_주별베스트_0921-0927/23_오디세이아_뒷표지.jpg
9620	책표지_베스트셀러_20260930/2_예스24_주별베스트_0921-0927/23_오디세이아_책등.jpg
201902	책표지_베스트셀러_20260930/2_예스24_주별베스트_0921-0927/24_찰리 멍거 바이블 완결판_앞표지.jpg
222417	책표지_베스트셀러_20260930/2_예스24_주별베스트_0921-0927/24_찰리 멍거 바이블 완결판_뒷표지.jpg
37599	책표지_베스트셀러_20260930/2_예스24_주별베스트_0921-0927/24_찰리 멍거 바이블 완결판_책등.jpg
72168	책표지_베스트셀러_20260930/2_예스24_주별베스트_0921-0927/25_내 인생이 왜 당신 마음에 들어야 합니까_앞표지.jpg
78632	책표지_베스트셀러_20260930/2_예스24_주별베스트_0921-0927/25_내 인생이 왜 당신 마음에 들어야 합니까_뒷표지.jpg
9867	책표지_베스트셀러_20260930/2_예스24_주별베스트_0921-0927/25_내 인생이 왜 당신 마음에 들어야 합니까_책등.jpg
121670	책표지_베스트셀러_20260930/2_예스24_주별베스트_0921-0927/26_테오_앞표지.jpg
154176	책표지_베스트셀러_20260930/2_예스24_주별베스트_0921-0927/26_테오_뒷표지.jpg
23517	책표지_베스트셀러_20260930/2_예스24_주별베스트_0921-0927/26_테오_책등.jpg
98814	책표지_베스트셀러_20260930/2_예스24_주별베스트_0921-0927/27_독서의 기술_앞표지.jpg
107655	책표지_베스트셀러_20260930/2_예스24_주별베스트_0921-0927/27_독서의 기술_뒷표지.jpg
13271	책표지_베스트셀러_20260930/2_예스24_주별베스트_0921-0927/27_독서의 기술_책등.jpg
49189	책표지_베스트셀러_20260930/2_예스24_주별베스트_0921-0927/28_데미안_앞표지.jpg
89482	책표지_베스트셀러_20260930/2_예스24_주별베스트_0921-0927/28_데미안_뒷표지.jpg
6725	책표지_베스트셀러_20260930/2_예스24_주별베스트_0921-0927/28_데미안_책등.jpg
242924	책표지_베스트셀러_20260930/2_예스24_주별베스트_0921-0927/29_멜로우TV 팀 나빠 추리 탐정단 1_앞표지.jpg
209480	책표지_베스트셀러_20260930/2_예스24_주별베스트_0921-0927/29_멜로우TV 팀 나빠 추리 탐정단 1_뒷표지.jpg
13670	책표지_베스트셀러_20260930/2_예스24_주별베스트_0921-0927/29_멜로우TV 팀 나빠 추리 탐정단 1_책등.jpg
88981	책표지_베스트셀러_20260930/2_예스24_주별베스트_0921-0927/30_브레인 악셀_앞표지.jpg
103406	책표지_베스트셀러_20260930/2_예스24_주별베스트_0921-0927/30_브레인 악셀_뒷표지.jpg
14218	책표지_베스트셀러_20260930/2_예스24_주별베스트_0921-0927/30_브레인 악셀_책등.jpg
127534	책표지_베스트셀러_20260930/2_예스24_주별베스트_0921-0927/31_문해내공_앞표지.jpg
119247	책표지_베스트셀러_20260930/2_예스24_주별베스트_0921-0927/31_문해내공_뒷표지.jpg
15833	책표지_베스트셀러_20260930/2_예스24_주별베스트_0921-0927/31_문해내공_책등.jpg
113935	책표지_베스트셀러_20260930/2_예스24_주별베스트_0921-0927/32_ETS 토익 정기시험 기출문제집 1000 Vol. 5 RC_앞표지.jpg
182150	책표지_베스트셀러_20260930/2_예스24_주별베스트_0921-0927/33_서리꽃 세트_앞표지.jpg
92537	책표지_베스트셀러_20260930/2_예스24_주별베스트_0921-0927/34_트렌드 코리아 2027_앞표지.jpg
116773	책표지_베스트셀러_20260930/2_예스24_주별베스트_0921-0927/34_트렌드 코리아 2027_뒷표지.jpg
23014	책표지_베스트셀러_20260930/2_예스24_주별베스트_0921-0927/34_트렌드 코리아 2027_책등.jpg
51522	책표지_베스트셀러_20260930/2_예스24_주별베스트_0921-0927/35_시대예보 수고인류의 시간_앞표지.jpg
69863	책표지_베스트셀러_20260930/2_예스24_주별베스트_0921-0927/35_시대예보 수고인류의 시간_뒷표지.jpg
7364	책표지_베스트셀러_20260930/2_예스24_주별베스트_0921-0927/35_시대예보 수고인류의 시간_책등.jpg
131151	책표지_베스트셀러_20260930/2_예스24_주별베스트_0921-0927/36_기분이 태도가 되지 말자 (30만 부 기념 최신 개정판)_앞표지.jpg
136586	책표지_베스트셀러_20260930/2_예스24_주별베스트_0921-0927/36_기분이 태도가 되지 말자 (30만 부 기념 최신 개정판)_뒷표지.jpg
11292	책표지_베스트셀러_20260930/2_예스24_주별베스트_0921-0927/36_기분이 태도가 되지 말자 (30만 부 기념 최신 개정판)_책등.jpg
105397	책표지_베스트셀러_20260930/2_예스24_주별베스트_0921-0927/37_ETS 토익 정기시험 기출문제집 1000 Vol. 5 LC_앞표지.jpg
91344	책표지_베스트셀러_20260930/2_예스24_주별베스트_0921-0927/38_2027 공단기 소방단기 써니 행정법총론 핵심집약_앞표지.jpg
39884	책표지_베스트셀러_20260930/2_예스24_주별베스트_0921-0927/38_2027 공단기 소방단기 써니 행정법총론 핵심집약_뒷표지.jpg
5378	책표지_베스트셀러_20260930/2_예스24_주별베스트_0921-0927/38_2027 공단기 소방단기 써니 행정법총론 핵심집약_책등.jpg
142188	책표지_베스트셀러_20260930/2_예스24_주별베스트_0921-0927/39_찌니주의보_앞표지.jpg
131161	책표지_베스트셀러_20260930/2_예스24_주별베스트_0921-0927/39_찌니주의보_뒷표지.jpg
14317	책표지_베스트셀러_20260930/2_예스24_주별베스트_0921-0927/39_찌니주의보_책등.jpg
55062	책표지_베스트셀러_20260930/2_예스24_주별베스트_0921-0927/40_브람스를 좋아하세요_앞표지.jpg
115349	책표지_베스트셀러_20260930/2_예스24_주별베스트_0921-0927/40_브람스를 좋아하세요_뒷표지.jpg
9533	책표지_베스트셀러_20260930/2_예스24_주별베스트_0921-0927/40_브람스를 좋아하세요_책등.jpg
99908	책표지_베스트셀러_20260930/2_예스24_주별베스트_0921-0927/41_안녕이라 그랬어_앞표지.jpg
117724	책표지_베스트셀러_20260930/2_예스24_주별베스트_0921-0927/41_안녕이라 그랬어_뒷표지.jpg
19149	책표지_베스트셀러_20260930/2_예스24_주별베스트_0921-0927/41_안녕이라 그랬어_책등.jpg
88910	책표지_베스트셀러_20260930/2_예스24_주별베스트_0921-0927/42_빛과 소리를 만져보면_앞표지.jpg
98698	책표지_베스트셀러_20260930/2_예스24_주별베스트_0921-0927/42_빛과 소리를 만져보면_뒷표지.jpg
13697	책표지_베스트셀러_20260930/2_예스24_주별베스트_0921-0927/42_빛과 소리를 만져보면_책등.jpg
72349	책표지_베스트셀러_20260930/2_예스24_주별베스트_0921-0927/43_절창 切創 (화이트 에디션)_앞표지.jpg
68750	책표지_베스트셀러_20260930/2_예스24_주별베스트_0921-0927/43_절창 切創 (화이트 에디션)_뒷표지.jpg
13221	책표지_베스트셀러_20260930/2_예스24_주별베스트_0921-0927/43_절창 切創 (화이트 에디션)_책등.jpg
50772	책표지_베스트셀러_20260930/2_예스24_주별베스트_0921-0927/44_이방인_앞표지.jpg
106168	책표지_베스트셀러_20260930/2_예스24_주별베스트_0921-0927/44_이방인_뒷표지.jpg
8190	책표지_베스트셀러_20260930/2_예스24_주별베스트_0921-0927/44_이방인_책등.jpg
53791	책표지_베스트셀러_20260930/2_예스24_주별베스트_0921-0927/45_2027 유휘운 행정법총론 요약노트+기출문제 (요.플.)_앞표지.jpg
231410	책표지_베스트셀러_20260930/2_예스24_주별베스트_0921-0927/46_주술회전 모듈로 2 더블특전판_앞표지.jpg
213775	책표지_베스트셀러_20260930/2_예스24_주별베스트_0921-0927/47_프로젝트 헤일메리_앞표지.jpg
98684	책표지_베스트셀러_20260930/2_예스24_주별베스트_0921-0927/47_프로젝트 헤일메리_뒷표지.jpg
23546	책표지_베스트셀러_20260930/2_예스24_주별베스트_0921-0927/47_프로젝트 헤일메리_책등.jpg
149572	책표지_베스트셀러_20260930/2_예스24_주별베스트_0921-0927/48_데뷔 못 하면 죽는 병 걸림 5부 초판 한정 굿즈박스 세트_앞표지.jpg
95568	책표지_베스트셀러_20260930/2_예스24_주별베스트_0921-0927/49_리더는 언제 차이를 만들어내는가_앞표지.jpg
90535	책표지_베스트셀러_20260930/2_예스24_주별베스트_0921-0927/49_리더는 언제 차이를 만들어내는가_뒷표지.jpg
11688	책표지_베스트셀러_20260930/2_예스24_주별베스트_0921-0927/49_리더는 언제 차이를 만들어내는가_책등.jpg
204409	책표지_베스트셀러_20260930/2_예스24_주별베스트_0921-0927/50_녹색 절벽의 신자들_앞표지.jpg
216057	책표지_베스트셀러_20260930/2_예스24_주별베스트_0921-0927/50_녹색 절벽의 신자들_뒷표지.jpg
33990	책표지_베스트셀러_20260930/2_예스24_주별베스트_0921-0927/50_녹색 절벽의 신자들_책등.jpg
1720153	책표지_베스트셀러_20260930/3_교보문고_종합주간베스트_0916-0922/01_흔한남매 23_앞표지.jpg
292479	책표지_베스트셀러_20260930/3_교보문고_종합주간베스트_0916-0922/01_흔한남매 23_책등.jpg
1563991	책표지_베스트셀러_20260930/3_교보문고_종합주간베스트_0916-0922/02_세네카, 오늘을 빼앗기고 있는 당신에게_앞표지.jpg
303519	책표지_베스트셀러_20260930/3_교보문고_종합주간베스트_0916-0922/02_세네카, 오늘을 빼앗기고 있는 당신에게_책등.jpg
2940338	책표지_베스트셀러_20260930/3_교보문고_종합주간베스트_0916-0922/03_머니 트렌드 2027_앞표지.jpg
2210037	책표지_베스트셀러_20260930/3_교보문고_종합주간베스트_0916-0922/04_한국사 이상현상 연구원(일반판)_앞표지.jpg
3908405	책표지_베스트셀러_20260930/3_교보문고_종합주간베스트_0916-0922/05_싯다르타_앞표지.jpg
168799	책표지_베스트셀러_20260930/3_교보문고_종합주간베스트_0916-0922/05_싯다르타_책등.jpg
1797056	책표지_베스트셀러_20260930/3_교보문고_종합주간베스트_0916-0922/06_수족관_앞표지.jpg
320673	책표지_베스트셀러_20260930/3_교보문고_종합주간베스트_0916-0922/07_시대예보 수고인류의 시간_앞표지.jpg
107729	책표지_베스트셀러_20260930/3_교보문고_종합주간베스트_0916-0922/07_시대예보 수고인류의 시간_책등.jpg
222655	책표지_베스트셀러_20260930/3_교보문고_종합주간베스트_0916-0922/08_니체의 초월자_앞표지.jpg
182842	책표지_베스트셀러_20260930/3_교보문고_종합주간베스트_0916-0922/08_니체의 초월자_뒷표지.jpg
154057	책표지_베스트셀러_20260930/3_교보문고_종합주간베스트_0916-0922/08_니체의 초월자_책등.jpg
4395961	책표지_베스트셀러_20260930/3_교보문고_종합주간베스트_0916-0922/09_멜로우 TV 팀 나빠 추리 탐정단 1_앞표지.jpg
313176	책표지_베스트셀러_20260930/3_교보문고_종합주간베스트_0916-0922/09_멜로우 TV 팀 나빠 추리 탐정단 1_책등.jpg
1010563	책표지_베스트셀러_20260930/3_교보문고_종합주간베스트_0916-0922/10_마음의 어휘력_앞표지.jpg
279024	책표지_베스트셀러_20260930/3_교보문고_종합주간베스트_0916-0922/11_모순_앞표지.jpg
2164352	책표지_베스트셀러_20260930/3_교보문고_종합주간베스트_0916-0922/12_그랬다고 적었다_앞표지.jpg
101411	책표지_베스트셀러_20260930/3_교보문고_종합주간베스트_0916-0922/12_그랬다고 적었다_책등.jpg
2047189	책표지_베스트셀러_20260930/3_교보문고_종합주간베스트_0916-0922/13_테오_앞표지.jpg
1741414	책표지_베스트셀러_20260930/3_교보문고_종합주간베스트_0916-0922/13_테오_뒷표지.jpg
273059	책표지_베스트셀러_20260930/3_교보문고_종합주간베스트_0916-0922/13_테오_책등.jpg
2288937	책표지_베스트셀러_20260930/3_교보문고_종합주간베스트_0916-0922/14_서리꽃 1_앞표지.jpg
1394221	책표지_베스트셀러_20260930/3_교보문고_종합주간베스트_0916-0922/14_서리꽃 1_뒷표지.jpg
316474	책표지_베스트셀러_20260930/3_교보문고_종합주간베스트_0916-0922/14_서리꽃 1_책등.jpg
936104	책표지_베스트셀러_20260930/3_교보문고_종합주간베스트_0916-0922/15_돈의 역류 2027년 경제전망_앞표지.jpg
2181054	책표지_베스트셀러_20260930/3_교보문고_종합주간베스트_0916-0922/16_빵충 사육 준수 사항_앞표지.jpg
2238917	책표지_베스트셀러_20260930/3_교보문고_종합주간베스트_0916-0922/16_빵충 사육 준수 사항_뒷표지.jpg
241314	책표지_베스트셀러_20260930/3_교보문고_종합주간베스트_0916-0922/16_빵충 사육 준수 사항_책등.jpg
1612562	책표지_베스트셀러_20260930/3_교보문고_종합주간베스트_0916-0922/17_쇼펜하우어 인생수업(30만 부 기념 개정증보판)_앞표지.jpg
617471	책표지_베스트셀러_20260930/3_교보문고_종합주간베스트_0916-0922/17_쇼펜하우어 인생수업(30만 부 기념 개정증보판)_뒷표지.jpg
146627	책표지_베스트셀러_20260930/3_교보문고_종합주간베스트_0916-0922/17_쇼펜하우어 인생수업(30만 부 기념 개정증보판)_책등.jpg
923594	책표지_베스트셀러_20260930/3_교보문고_종합주간베스트_0916-0922/18_판매의 법칙_앞표지.jpg
144948	책표지_베스트셀러_20260930/3_교보문고_종합주간베스트_0916-0922/18_판매의 법칙_책등.jpg
1157272	책표지_베스트셀러_20260930/3_교보문고_종합주간베스트_0916-0922/19_데미안_앞표지.jpg
1054637	책표지_베스트셀러_20260930/3_교보문고_종합주간베스트_0916-0922/19_데미안_뒷표지.jpg
144622	책표지_베스트셀러_20260930/3_교보문고_종합주간베스트_0916-0922/19_데미안_책등.jpg
1240260	책표지_베스트셀러_20260930/3_교보문고_종합주간베스트_0916-0922/20_브람스를 좋아하세요_앞표지.jpg
1332173	책표지_베스트셀러_20260930/3_교보문고_종합주간베스트_0916-0922/20_브람스를 좋아하세요_뒷표지.jpg
184299	책표지_베스트셀러_20260930/3_교보문고_종합주간베스트_0916-0922/20_브람스를 좋아하세요_책등.jpg
2024548	책표지_베스트셀러_20260930/3_교보문고_종합주간베스트_0916-0922/21_오디세이아(고대 그리스어 완역본)_앞표지.jpg
1088247	책표지_베스트셀러_20260930/3_교보문고_종합주간베스트_0916-0922/21_오디세이아(고대 그리스어 완역본)_뒷표지.jpg
165931	책표지_베스트셀러_20260930/3_교보문고_종합주간베스트_0916-0922/21_오디세이아(고대 그리스어 완역본)_책등.jpg
483250	책표지_베스트셀러_20260930/3_교보문고_종합주간베스트_0916-0922/22_절창(화이트 에디션)_앞표지.jpg
237763	책표지_베스트셀러_20260930/3_교보문고_종합주간베스트_0916-0922/22_절창(화이트 에디션)_뒷표지.jpg
112059	책표지_베스트셀러_20260930/3_교보문고_종합주간베스트_0916-0922/22_절창(화이트 에디션)_책등.jpg
1642461	책표지_베스트셀러_20260930/3_교보문고_종합주간베스트_0916-0922/23_오뒷세이아_앞표지.jpg
240934	책표지_베스트셀러_20260930/3_교보문고_종합주간베스트_0916-0922/23_오뒷세이아_책등.jpg
1283609	책표지_베스트셀러_20260930/3_교보문고_종합주간베스트_0916-0922/24_투명한 나선_앞표지.jpg
1030884	책표지_베스트셀러_20260930/3_교보문고_종합주간베스트_0916-0922/24_투명한 나선_뒷표지.jpg
295818	책표지_베스트셀러_20260930/3_교보문고_종합주간베스트_0916-0922/24_투명한 나선_책등.jpg
380467	책표지_베스트셀러_20260930/3_교보문고_종합주간베스트_0916-0922/25_녹색 절벽의 신자들_앞표지.jpg
1978887	책표지_베스트셀러_20260930/3_교보문고_종합주간베스트_0916-0922/26_리더는 언제 차이를 만들어내는가_앞표지.jpg
166446	책표지_베스트셀러_20260930/3_교보문고_종합주간베스트_0916-0922/26_리더는 언제 차이를 만들어내는가_책등.jpg
353684	책표지_베스트셀러_20260930/3_교보문고_종합주간베스트_0916-0922/27_신경 끄기의 기술(한교동 에디션)_앞표지.jpg
185819	책표지_베스트셀러_20260930/3_교보문고_종합주간베스트_0916-0922/27_신경 끄기의 기술(한교동 에디션)_책등.jpg
805312	책표지_베스트셀러_20260930/3_교보문고_종합주간베스트_0916-0922/28_나의 첫 번째 부동산 교과서_앞표지.jpg
895150	책표지_베스트셀러_20260930/3_교보문고_종합주간베스트_0916-0922/28_나의 첫 번째 부동산 교과서_뒷표지.jpg
266033	책표지_베스트셀러_20260930/3_교보문고_종합주간베스트_0916-0922/28_나의 첫 번째 부동산 교과서_책등.jpg
181176	책표지_베스트셀러_20260930/3_교보문고_종합주간베스트_0916-0922/29_이방인_앞표지.jpg
3484215	책표지_베스트셀러_20260930/3_교보문고_종합주간베스트_0916-0922/30_처음 읽는 그리스 로마 신화 15 트로이의 마지막 불꽃_앞표지.jpg
1790307	책표지_베스트셀러_20260930/3_교보문고_종합주간베스트_0916-0922/30_처음 읽는 그리스 로마 신화 15 트로이의 마지막 불꽃_뒷표지.jpg
1257980	책표지_베스트셀러_20260930/3_교보문고_종합주간베스트_0916-0922/31_에그박사19_앞표지.jpg
1490860	책표지_베스트셀러_20260930/3_교보문고_종합주간베스트_0916-0922/31_에그박사19_뒷표지.jpg
274526	책표지_베스트셀러_20260930/3_교보문고_종합주간베스트_0916-0922/31_에그박사19_책등.jpg
3086493	책표지_베스트셀러_20260930/3_교보문고_종합주간베스트_0916-0922/32_처음 읽는 삼국지 5 세 번의 발걸음_앞표지.jpg
1523000	책표지_베스트셀러_20260930/3_교보문고_종합주간베스트_0916-0922/32_처음 읽는 삼국지 5 세 번의 발걸음_뒷표지.jpg
477862	책표지_베스트셀러_20260930/3_교보문고_종합주간베스트_0916-0922/33_독서의 기술_앞표지.jpg
582481	책표지_베스트셀러_20260930/3_교보문고_종합주간베스트_0916-0922/33_독서의 기술_뒷표지.jpg
162239	책표지_베스트셀러_20260930/3_교보문고_종합주간베스트_0916-0922/33_독서의 기술_책등.jpg
681709	책표지_베스트셀러_20260930/3_교보문고_종합주간베스트_0916-0922/34_기분이 태도가 되지 말자(30만부 기념 최신 개정판)_앞표지.jpg
728708	책표지_베스트셀러_20260930/3_교보문고_종합주간베스트_0916-0922/34_기분이 태도가 되지 말자(30만부 기념 최신 개정판)_뒷표지.jpg
143321	책표지_베스트셀러_20260930/3_교보문고_종합주간베스트_0916-0922/34_기분이 태도가 되지 말자(30만부 기념 최신 개정판)_책등.jpg
193610	책표지_베스트셀러_20260930/3_교보문고_종합주간베스트_0916-0922/35_코스모스_앞표지.jpg
281457	책표지_베스트셀러_20260930/3_교보문고_종합주간베스트_0916-0922/36_옥스브리지의 철학 수업_앞표지.jpg
2211716	책표지_베스트셀러_20260930/3_교보문고_종합주간베스트_0916-0922/36_옥스브리지의 철학 수업_뒷표지.jpg
534381	책표지_베스트셀러_20260930/3_교보문고_종합주간베스트_0916-0922/36_옥스브리지의 철학 수업_책등.jpg
685140	책표지_베스트셀러_20260930/3_교보문고_종합주간베스트_0916-0922/37_문해내공_앞표지.jpg
227733	책표지_베스트셀러_20260930/3_교보문고_종합주간베스트_0916-0922/37_문해내공_책등.jpg
179993	책표지_베스트셀러_20260930/3_교보문고_종합주간베스트_0916-0922/38_아주 작은 습관의 힘(50만 부 기념 스페셜 에디션)_앞표지.jpg
469536	책표지_베스트셀러_20260930/3_교보문고_종합주간베스트_0916-0922/39_찌니주의보_앞표지.jpg
1774515	책표지_베스트셀러_20260930/3_교보문고_종합주간베스트_0916-0922/39_찌니주의보_뒷표지.jpg
1179772	책표지_베스트셀러_20260930/3_교보문고_종합주간베스트_0916-0922/40_돈의 심리학(50만 부 기념 뉴 에디션)_앞표지.jpg
202220	책표지_베스트셀러_20260930/3_교보문고_종합주간베스트_0916-0922/40_돈의 심리학(50만 부 기념 뉴 에디션)_책등.jpg
875424	책표지_베스트셀러_20260930/3_교보문고_종합주간베스트_0916-0922/41_어떻게 살아낼 것인가_앞표지.jpg
639767	책표지_베스트셀러_20260930/3_교보문고_종합주간베스트_0916-0922/41_어떻게 살아낼 것인가_뒷표지.jpg
177167	책표지_베스트셀러_20260930/3_교보문고_종합주간베스트_0916-0922/41_어떻게 살아낼 것인가_책등.jpg
1079213	책표지_베스트셀러_20260930/3_교보문고_종합주간베스트_0916-0922/42_급류_앞표지.jpg
437500	책표지_베스트셀러_20260930/3_교보문고_종합주간베스트_0916-0922/42_급류_책등.jpg
919428	책표지_베스트셀러_20260930/3_교보문고_종합주간베스트_0916-0922/43_똑똑한 사람은 어떻게 말하는가_앞표지.jpg
906131	책표지_베스트셀러_20260930/3_교보문고_종합주간베스트_0916-0922/43_똑똑한 사람은 어떻게 말하는가_뒷표지.jpg
628429	책표지_베스트셀러_20260930/3_교보문고_종합주간베스트_0916-0922/43_똑똑한 사람은 어떻게 말하는가_책등.jpg
373454	책표지_베스트셀러_20260930/3_교보문고_종합주간베스트_0916-0922/44_박완서의 낱말들_앞표지.jpg
104791	책표지_베스트셀러_20260930/3_교보문고_종합주간베스트_0916-0922/44_박완서의 낱말들_책등.jpg
1098811	책표지_베스트셀러_20260930/3_교보문고_종합주간베스트_0916-0922/45_행복할 거야 이래도 되나 싶을 정도로(10만 부 기념 교보문고 단독 리커_앞표지.jpg
2442916	책표지_베스트셀러_20260930/3_교보문고_종합주간베스트_0916-0922/46_프로젝트 헤일메리_앞표지.jpg
684990	책표지_베스트셀러_20260930/3_교보문고_종합주간베스트_0916-0922/47_브레인악셀_앞표지.jpg
774409	책표지_베스트셀러_20260930/3_교보문고_종합주간베스트_0916-0922/47_브레인악셀_뒷표지.jpg
286380	책표지_베스트셀러_20260930/3_교보문고_종합주간베스트_0916-0922/47_브레인악셀_책등.jpg
3196436	책표지_베스트셀러_20260930/3_교보문고_종합주간베스트_0916-0922/48_불안(리커버 K)_앞표지.jpg
130723	책표지_베스트셀러_20260930/3_교보문고_종합주간베스트_0916-0922/48_불안(리커버 K)_뒷표지.jpg
15232	책표지_베스트셀러_20260930/3_교보문고_종합주간베스트_0916-0922/48_불안(리커버 K)_책등.jpg
642470	책표지_베스트셀러_20260930/3_교보문고_종합주간베스트_0916-0922/49_해커스 토익 기출 VOCA(보카)_앞표지.jpg
85093	책표지_베스트셀러_20260930/3_교보문고_종합주간베스트_0916-0922/49_해커스 토익 기출 VOCA(보카)_책등.jpg
3177333	책표지_베스트셀러_20260930/3_교보문고_종합주간베스트_0916-0922/50_카구라바치 11 영웅_앞표지.jpg
51386	책표지_베스트셀러_20260930/도서목록.csv
