var,V,Vc,p,rank,q,k,label,cat
headline_color,0.947977857217979,0.925298835959125,8.029323663959171e-14,1,3.693488885421219e-12,1.0,메인 표제 색,색채
accent,0.8387886195598928,0.8198221472212538,2.0550366613861593e-11,2,4.726584321188167e-10,0.5189003436426117,포인트 색의 역할,색채
subhead,0.6821712358761861,0.6767818898995289,3.4675664925872325e-09,3,5.316935288633757e-08,0.5833333333333333,부제(서브헤드),표지 구조
effect,0.7165985720844785,0.6924247647178144,2.2004436460654765e-08,4,2.530510192975298e-07,0.5708154506437768,표제 효과,타이포그래피
emphasis,0.7020250216317262,0.6771221910103292,4.6852196168154686e-08,5,4.310402047470231e-07,0.6688741721854304,표제 안의 부분 강조,타이포그래피
headline_size,0.5903012777011399,0.5826923139024726,3.184975302740232e-07,6,2.4418143987675114e-06,0.3846153846153846,표제 글자 높이(표지 높이 대비),타이포그래피
whitespace,0.5580257453248587,0.536899549301828,8.484857390213738e-06,7,5.5757634278547424e-05,0.7580645161290323,여백,구성과 레이아웃
type_image,0.5196943387050459,0.4963715358985873,3.9941977753903594e-05,8,0.00022966637208494568,0.8863636363636364,글자와 이미지의 관계,타이포그래피
weight,0.4705206051599495,0.4590465603138495,4.604837447514982e-05,9,0.00023535835842854354,0.3103448275862068,표제 굵기,타이포그래피
ideal_real,0.5376669382193381,0.5019461371748591,7.59837111293743e-05,10,0.0003495250711951218,1.0,위·아래 정보 가치,구성과 레이아웃
balance,0.48540030921959204,0.45983016599930443,0.00014547522552696974,11,0.0006083509431127825,0.6323529411764706,구도,구성과 레이아웃
image_area,0.4456105629054904,0.4170031578868989,0.0005835799973536421,12,0.0020803144553048804,0.5871559633027522,이미지 점유 면적,이미지
headline_v,0.44538906603217643,0.41676321404522054,0.0005879149547600749,13,0.0020803144553048804,0.5454545454545454,표제 세로 위치,구성과 레이아웃
vr_meaning,0.4616485082288651,0.4182617575433156,0.0011426081130655101,14,0.0037542838000723905,0.574468085106383,의미 작용,이미지
layout,0.498712389330739,0.4285183057122471,0.002229591222711918,15,0.006837413082983215,0.7590361445783133,레이아웃 원형,구성과 레이아웃
tone,0.435567801482559,0.3888731334647022,0.002609512968714254,16,0.007335386720266771,0.921875,어조,표제 언어
shot,0.46536176976514215,0.40587393751373513,0.002710903787924676,17,0.007335386720266771,0.8260869565217391,샷 크기(사회적 거리),이미지
salience,0.359665016439456,0.3220771706158423,0.007820868635464663,18,0.019986664290631916,0.4285714285714286,가장 먼저 보이는 요소,구성과 레이아웃
sentence,0.36749351816170694,0.3095248226468749,0.017501934259536913,19,0.042373103996773576,1.0,문장 형태,표제 언어
gaze,0.32430580198412884,0.2814564551065133,0.019369909087929862,20,0.044550790902238686,0.8148148148148149,시선(접촉),이미지
background,0.3533139864627765,0.2923095845310502,0.02484220159751266,21,0.05315710845421581,0.5945945945945946,배경 처리,이미지
people_kind,0.3523550175101593,0.2911338325910749,0.025422964912885822,22,0.05315710845421581,0.8275862068965517,인물 표현,이미지
archetype,0.42981851342258,0.3241649468424299,0.031289137654057046,23,0.06257827530811409,0.7101449275362319,접근 방식 유형,종합 접근 방식
depth,0.3014972359456297,0.2544573372463649,0.03308180409079742,24,0.06340679117402838,0.868421052631579,깊이감,구성과 레이아웃
bg_hue,0.39906107649552874,0.30485750017755314,0.03556698762460295,25,0.06544325722926941,0.7761194029850746,배경 주조색 계열,색채
format,0.3819271611114771,0.28173285639534734,0.052580102327091024,26,0.08985551659779162,0.3469387755102041,기사 형식,커버스토리 주제
medium,0.38178849002602616,0.2815422638559352,0.05274128148131248,27,0.08985551659779162,0.9183673469387756,제작 방식,이미지
headline_align,0.2737376804838859,0.22036680228299724,0.06020728538073084,28,0.09891196883977209,1.0,표제 정렬,구성과 레이아웃
people_n,0.30315351297382026,0.22817776894880765,0.07539911117244606,29,0.1195985901356041,0.829059829059829,등장 인물 수,이미지
masthead_overlap,0.25430359902147287,0.19534317239753377,0.0884659967933538,30,0.13348232382277625,0.8360655737704918,제호와 이미지의 겹침,표지 구조
subject_pos,0.29422401461861863,0.21600402829811646,0.0899554790979579,31,0.13348232382277625,0.9078341013824884,주 피사체 위치,구성과 레이아웃
harmony,0.3223139384806473,0.22475509793474913,0.09952256974641711,32,0.1430636940104746,0.6039603960396039,배색 유형,색채
badge,0.17739675268716715,0.13491504084293165,0.12446458815471825,33,0.17179315602389705,0.7727272727272727,퍼프·배지·특집 로고,표지 구조
masthead_color,0.1762222863663645,0.1333456612184311,0.12697755010461956,34,0.17179315602389705,1.0,제호 영문부 글자색,표지 구조
verbal_device,0.34131587640664995,0.18947450885966874,0.18890369238505142,35,0.24827342427749613,0.6763754045307443,수사 장치,표제 언어
subject,0.3390313016446344,0.18527005607954056,0.19606203592236124,36,0.2505237125674616,0.9310344827586208,주 피사체,이미지
anchorage,0.18894578247654473,0.09376724644725055,0.2621681789307208,37,0.31876779428959345,-0.015228426395939,문구와 이미지의 관계,이미지와 텍스트
vr_structure,0.2304423865745857,0.11285056923121767,0.26332991702183806,38,0.31876779428959345,0.7457627118644068,시각 수사 구조,이미지
font_class,0.22471730304393556,0.10046754435815741,0.28536214260813,39,0.33658098871728154,0.4736842105263158,표제 서체 계열,타이포그래피
dependency,0.11957298402325169,0.028194454329048716,0.3004203351243623,40,0.34548338539301665,0.0789473684210525,이미지만으로 주제 파악,이미지와 텍스트
itten,0.27709954426039524,0.09665839082765439,0.3303994402771358,41,0.3706920549450792,0.603960396039604,주된 색채 대비,색채
script_mix,0.24011210413722037,0.060407618694978495,0.3639248804507175,42,0.39858439287459535,1.0,문자 혼용,표제 언어
bg_value,0.1511245450010884,0.0,0.4246675914647675,43,0.4542955629623094,0.8802395209580838,배경 명도,색채
topic,0.31762670100651247,0.0,0.5783510749615461,44,0.604639760187071,0.7452229299363058,주제 분야,커버스토리 주제
angle,0.08515916221979666,0.0,0.9091447826064537,45,0.9293479999977082,0.7969543147208122,시점(앵글),이미지
boxout,0.0022071452356809723,0.0,0.9847498133255941,46,0.9847498133255941,1.0,박스아웃·띠(문구 뒤 색면),표지 구조
