var,V,p,label,kappa,kappa_w
headline_color,0.95,8.029323663959171e-14,메인 표제 색,1.0,
accent,0.84,2.0550366613861593e-11,포인트 색의 역할,0.5189003436426117,
effect,0.72,2.2004436460654765e-08,표제 효과,0.5594713656387664,
emphasis,0.7,4.8504773081103637e-08,표제 안의 부분 강조,0.6688741721854304,
subhead,0.68,3.4675664925872325e-09,부제(서브헤드),0.5833333333333333,
headline_size,0.59,3.184975302740224e-07,표제 글자 높이(표지 높이 대비),0.3846153846153846,0.3846153846153846
ideal_real,0.56,2.8914708800274985e-05,위·아래 정보 가치,1.0,
whitespace,0.56,8.484857390213738e-06,여백,0.7272727272727273,0.7580645161290323
type_image,0.52,3.9941977753903594e-05,글자와 이미지의 관계,0.8863636363636364,
balance,0.49,0.00014547522552696944,구도,0.6323529411764706,
layout,0.48,0.00437516099158956,레이아웃 원형,0.6774193548387096,
weight,0.47,4.604837447514982e-05,표제 굵기,0.1304347826086956,0.31034482758620685
shot,0.47,0.002710903787924676,샷 크기(사회적 거리),0.8260869565217391,
vr_meaning,0.46,0.0011426081130655101,의미 작용,0.574468085106383,
headline_v,0.45,0.0005879149547600743,표제 세로 위치,0.5238095238095237,0.5454545454545454
tone,0.44,0.002609512968714254,어조,0.921875,
image_area,0.44,0.0007810549519393723,이미지 점유 면적,0.4852941176470587,0.5871559633027522
archetype,0.44,0.02720748728695881,접근 방식 유형,0.6380090497737556,
bg_hue,0.4,0.03556698762460295,배경 주조색 계열,0.7761194029850746,
medium,0.38,0.05274128148131248,제작 방식,0.9183673469387756,
format,0.38,0.052580102327091024,기사 형식,0.3469387755102041,
sentence,0.37,0.017501934259536913,문장 형태,1.0,
salience,0.36,0.007820868635464663,가장 먼저 보이는 요소,0.4285714285714286,
people_kind,0.35,0.025422964912885822,인물 표현,0.8275862068965517,
background,0.35,0.02484220159751266,배경 처리,0.5945945945945946,
subject,0.34,0.19606203592236124,주 피사체,0.9310344827586208,
verbal_device,0.34,0.18890369238505142,수사 장치,0.6763754045307443,
harmony,0.32,0.09952256974641711,배색 유형,0.6039603960396039,
topic,0.32,0.5783510749615461,주제 분야,0.7452229299363058,
gaze,0.32,0.019369909087929862,시선(접촉),0.8148148148148149,
depth,0.3,0.03308180409079742,깊이감,0.8406374501992032,0.868421052631579
people_n,0.3,0.07539911117244606,등장 인물 수,0.829059829059829,
subject_pos,0.29,0.0899554790979579,주 피사체 위치,0.9078341013824884,
itten,0.28,0.3303994402771358,주된 색채 대비,0.603960396039604,
headline_align,0.27,0.06020728538073084,표제 정렬,1.0,
masthead_overlap,0.25,0.0884659967933538,제호와 이미지의 겹침,0.8360655737704918,
script_mix,0.24,0.3639248804507175,문자 혼용,1.0,
vr_structure,0.23,0.26332991702183806,시각 수사 구조,0.7457627118644068,
font_class,0.22,0.28536214260813,표제 서체 계열,0.4736842105263158,
anchorage,0.19,0.2621681789307208,문구와 이미지의 관계,-0.015228426395939,
masthead_color,0.18,0.12697755010461956,제호 영문부 글자색,1.0,
badge,0.18,0.12446458815471825,퍼프·배지·특집 로고,0.7727272727272727,
bg_value,0.15,0.4246675914647675,배경 명도,0.8484848484848485,0.8802395209580839
dependency,0.12,0.3004203351243623,이미지만으로 주제 파악,0.0789473684210525,
angle,0.09,0.9091447826064537,시점(앵글),0.7969543147208122,
boxout,0.0,0.9847498133255941,박스아웃·띠(문구 뒤 색면),1.0,
