key,magazine,issue,date,L_mean,L_std,C_mean,colorfulness,rms_contrast,edge_density,edge_top,edge_mid,edge_bot,jpeg_bpp,flat_share,warm_share,achrom_share,sal_cx,sal_cy,symmetry,dom_color,dom_share,frame
mk_2341,매경이코노미,2341,2026-01-01,67.74523174517293,14.672445466507039,38.89242570201045,68.7472141650151,0.1497779597571006,0.035916865552903736,0.04354241338112306,0.03184587813620072,0.032375,0.6840413683373111,0.7299582338902147,0.9948933233899933,0.06774264120922832,0.43887508297669986,0.37662127150688607,0.9119076,#f59ba9,0.579,"(40, 39, 40, 39)"
mk_2342,매경이코노미,2342,2026-01-07,43.49613821586212,22.82730449611997,16.022809214286163,56.704381055016206,0.22923276159462946,0.07838690476190477,0.06094047619047619,0.0742797619047619,0.09994047619047619,1.3666825396825397,0.3363968253968254,0.10517037176151285,0.169125,0.4555917230102227,0.47343669411996575,0.82050586,#325f6d,0.523,"(46, 37, 43, 41)"
mk_2343,매경이코노미,2343,2026-01-14,78.34007106780295,21.839937219064257,9.58179264492817,43.735279505995095,0.22015760098659085,0.05258792965627498,0.05545563549160672,0.04026378896882494,0.062044364508393283,1.1212629896083133,0.5952777777777778,0.47561930872417507,0.8267565947242206,0.42233409350347456,0.42493557437287005,0.8747765,#dddfd6,0.778,"(48, 42, 41, 41)"
mk_2344,매경이코노미,2344,2026-01-21,32.46299404740057,25.83968534497271,15.429680678172636,46.90342500274993,0.2558473466907654,0.04104241696678671,0.059861612515042115,0.018747002398081535,0.0445863309352518,0.8574949979991997,0.6782893157262905,0.8736588612109867,0.33737294917967187,0.4255589151729568,0.38768462871743326,0.8506456,#4b2225,0.413,"(46, 45, 44, 38)"
mk_2345,매경이코노미,2345,2026-01-28,71.00920067023007,19.687958743261657,22.405404503526142,72.00383044149348,0.20943697908688588,0.042060461416070005,0.04297491039426523,0.037341696535244925,0.045851190476190476,0.8847891805887033,0.5281424025457438,0.022348869820277624,0.055147175815433574,0.4251316551839485,0.45089439977356416,0.85890275,#b3e0e2,0.465,"(45, 39, 42, 40)"
mk_2346,매경이코노미,2346,2026-02-04,72.81715762128677,16.47724261691845,21.99513590748136,82.58665701315971,0.1614405292765573,0.04060207336523126,0.045197841726618705,0.04544802867383513,0.031176821983273595,0.7750558213716109,0.7351335725677831,0.13807070107110217,0.05469298245614035,0.4473206012460786,0.41821063225819516,0.86451125,#a5d0db,0.721,"(36, 39, 36, 37)"
mk_2347,매경이코노미,2347,2026-02-11,61.772843258744835,21.11715542072136,6.490319396857844,39.430215192676776,0.20345935198058226,0.044558882235528945,0.04354916067146283,0.034892086330935254,0.055197132616487454,0.8032415169660678,0.6935129740518962,0.5677644149713387,0.9002574850299401,0.43921461955316193,0.4541297473565019,0.875526,#b1b2b5,0.735,"(41, 38, 39, 36)"
mk_2348,매경이코노미,2348,2026-02-25,23.588255951860248,28.44381898079207,7.552612619868327,38.714123519955024,0.2705524042117536,0.047035928143712574,0.05748800959232614,0.03779376498800959,0.045830346475507766,0.9985309381237525,0.5406586826347305,0.2511869978086194,0.8122115768463074,0.38326260200851014,0.43612003586901094,0.8153416,#0d1012,0.466,"(39, 39, 37, 37)"
mk_2349,매경이코노미,2349,2026-03-04,19.842557282961728,30.62272730937174,3.732261293367373,31.708972049754397,0.296306765960026,0.06316367265469063,0.06383693045563549,0.07179856115107913,0.05388888888888889,1.505181636726547,0.18246506986027944,0.9312923580275765,0.9391397205588823,0.4051821865516779,0.3899592551477037,0.80334514,#0b0808,0.695,"(32, 32, 32, 32)"
mk_2350,매경이코노미,2350,2026-03-11,63.801755801055954,35.180004561798604,4.824737848906526,29.105783016805205,0.347432706697394,0.06148059223689476,0.05447653429602888,0.04703237410071943,0.08290767386091127,1.1597599039615847,0.43930572228891557,0.32678546923092006,0.8860264105642257,0.40154617310800955,0.448535331733323,0.7272285,#dfdee0,0.621,"(31, 32, 31, 30)"
mk_2351,매경이코노미,2351,2026-03-18,36.77160852711491,19.677194605897437,8.884847440110597,52.590627604498636,0.19516212665711932,0.0554396482813749,0.0505695443645084,0.05618705035971223,0.05956235011990408,0.914740207833733,0.6663569144684253,0.5205718634810249,0.8477498001598721,0.42788838187663797,0.4935008010751598,0.8988613,#4a413f,0.79,"(28, 32, 28, 32)"
mk_2352,매경이코노미,2352,2026-03-25,64.30941845767394,27.539179526073475,6.042385731521248,33.9624984514781,0.2682465592773559,0.03981414868105516,0.055635491606714625,0.016121103117505996,0.047685851318944844,0.8070023980815347,0.6207194244604316,0.9953742827914425,0.904136690647482,0.42998612333870206,0.47419272373718546,0.8494423,#cbc8c4,0.678,"(32, 31, 31, 32)"
mk_2353,매경이코노미,2353,2026-04-01,22.09427493772051,19.299559004338477,8.52014980474165,39.678399162357216,0.1881315839204989,0.0364048760991207,0.05163669064748201,0.020965227817745805,0.03661270983213429,0.7908073541167067,0.6381274980015987,0.999890643154945,0.8108133493205436,0.4096965013358473,0.3799661992463963,0.8992732,#24282b,0.746,"(27, 26, 27, 28)"
mk_2354,매경이코노미,2354,2026-04-08,77.11196214736331,25.31320608642753,5.647635325486335,33.82474495935026,0.25692914968763025,0.07041766586730616,0.04925659472422062,0.04411270983213429,0.11788369304556355,0.8786570743405275,0.6583932853717026,0.9977884888006805,0.9635151878497202,0.4366755669816596,0.4092041556346914,0.85461116,#e7e2dc,0.772,"(34, 34, 31, 31)"
mk_2355,매경이코노미,2355,2026-04-15,67.53332136030542,9.246216095712088,34.908386905158494,117.83532210746088,0.11709925577649043,0.03886690647482014,0.04324340527577938,0.027913669064748202,0.04544364508393285,0.8383693045563549,0.7272162270183853,0.019197109507685984,0.06746203037569944,0.42420292183698916,0.4955149351611349,0.9258433,#1fb2d6,0.573,"(31, 29, 30, 30)"
mk_2356,매경이코노미,2356,2026-04-22,80.3101098038045,19.700965773574826,6.177132308812045,37.90728934325892,0.19899384024220998,0.08393157262905163,0.06037906137184115,0.05799760191846523,0.13333333333333333,1.367106842737095,0.42322128851540614,0.6000224014336918,0.8803681472589036,0.4829855373334671,0.5131588312375841,0.84421587,#dcdcde,0.803,"(39, 36, 37, 33)"
mk_2357,매경이코노미,2357,2026-04-29,54.96195586142636,23.99958251940224,15.632085589620035,49.23941486820359,0.2462707573144106,0.08494204636290967,0.04698441247002398,0.05594724220623501,0.15189448441247003,1.2005755395683453,0.476296962430056,0.05874627149084982,0.2632054356514788,0.48217314405913486,0.5127796321792846,0.8276448,#2d4641,0.334,"(38, 29, 33, 32)"
mk_2358,매경이코노미,2358,2026-05-06,13.439335401704525,22.899747890894098,20.28089021262561,36.87532715918816,0.21813604210756007,0.058629451780712286,0.07517448856799037,0.04595923261390887,0.05481414868105516,1.1981432573029211,0.2461844737895158,0.032837508989181814,0.07615446178471388,0.42029961506649405,0.35886314051986595,0.88472444,#120f2a,0.867,"(32, 29, 32, 28)"
mk_2359,매경이코노미,2359,2026-05-13,70.77982880227015,20.267842705844895,17.87539139783077,84.87568359572408,0.2138662491079987,0.034210631494804154,0.04996402877697842,0.026768585131894486,0.025899280575539568,0.7204796163069545,0.7280615507593925,0.9783244760255568,0.7256754596322942,0.4313222716606438,0.396210485463803,0.9109798,#cfcfd0,0.657,"(29, 26, 29, 28)"
mk_2360,매경이코노미,2360,2026-05-20,63.19126669369806,21.659183336594655,20.390533035026994,69.15263883933574,0.21258010009867734,0.03737410071942446,0.04606714628297362,0.03366306954436451,0.03239208633093525,0.7833413269384493,0.672322142286171,0.5684834897949652,0.18255795363709032,0.4637396323926323,0.42649271464179545,0.89574516,#92b8b7,0.574,"(31, 30, 31, 30)"
mk_2361,매경이코노미,2361,2026-05-27,39.2288150596071,21.00750194470593,22.02573053310882,57.585195528769646,0.20236577249930623,0.06817545963229417,0.07553956834532374,0.047829736211031176,0.08115707434052757,1.104300559552358,0.5222202238209432,0.47238470717611547,0.15874500399680255,0.3853787612722756,0.4026291727243864,0.8660346,#494067,0.349,"(39, 36, 36, 35)"
mk_2362,매경이코노미,2362,2026-06-03,67.12776563656365,23.200652234492498,6.0742260261592165,27.810319078433828,0.2287692139350299,0.056146458583433374,0.043929001203369435,0.03947841726618705,0.08498800959232614,0.8718847539015606,0.6777791116446579,0.5577559070805276,0.9156482593037215,0.46070784149342037,0.44395217068150367,0.8721025,#d0d6d2,0.431,"(32, 30, 30, 31)"
mk_2363,매경이코노미,2363,2026-06-10,33.77171772028544,16.253989566166734,28.74881109113211,48.997341391568725,0.16407918007916544,0.03864908073541167,0.05731414868105516,0.02601318944844125,0.03261990407673861,0.7952038369304556,0.7370403677058354,0.020225671406679396,0.05408273381294964,0.4118343560764348,0.3994273157202255,0.9313768,#354d80,0.482,"(34, 31, 35, 29)"
mk_2364,매경이코노미,2364,2026-06-17,87.618336721123,22.97985350826655,4.4046005606865934,36.3193010594825,0.2371836773644208,0.07200280112044818,0.06388086642599278,0.08169064748201439,0.07040767386091128,0.9713645458183273,0.6392156862745098,0.6515532897881153,0.9175990396158463,0.47515768155321836,0.4636565849595241,0.85358423,#f8f7f5,0.82,"(31, 32, 31, 31)"
mk_2365,매경이코노미,2365,2026-06-24,53.667842627585294,19.06632726239885,38.85328788488741,80.11355224763285,0.1906769275160291,0.051750499001996006,0.051258992805755396,0.034298561151079134,0.06962962962962962,0.8874251497005988,0.6515648702594811,0.1098046605958222,0.08440718562874251,0.4233894472876482,0.47713072428846476,0.86909115,#5b58a7,0.582,"(41, 34, 39, 33)"
mk_2366,매경이코노미,2366,2026-07-01,42.511011139186444,21.454776376948775,21.50934215298677,45.19518177209238,0.20628796881659495,0.05608713029576339,0.061073141486810555,0.050491606714628295,0.05669664268585132,1.0918145483613109,0.4047521982414069,0.9509493389853588,0.09019184652278177,0.40168067955391407,0.3420764829654391,0.87457,#a08758,0.368,"(24, 19, 24, 20)"
mk_2367,매경이코노미,2367,2026-07-08,53.37313556706634,17.108608066641818,15.697231830492267,43.46968304285292,0.17501934805456598,0.0677250900360144,0.056829121540312874,0.07219424460431655,0.07411270983213429,1.0396318527410964,0.5967567026810724,0.06644264432525307,0.14716686674669868,0.4246742450564485,0.4381839231855833,0.88454413,#526887,0.438,"(39, 30, 38, 28)"
mk_2368,매경이코노미,2368,2026-07-15,75.23650141246958,18.12426543473053,7.714840134376124,36.02859735705794,0.17847066675555825,0.04596092503987241,0.06158273381294964,0.023739545997610512,0.05261648745519713,0.7780382775119618,0.7010067783094099,0.9202266540747737,0.9241048644338118,0.45395441710454604,0.46064434917624625,0.9076906,#d0cbc3,0.848,"(39, 23, 35, 29)"
mk_2369,매경이코노미,2369,2026-07-22,44.5328238029096,19.734789160118535,24.488468539425245,64.00717944212862,0.18581437580238006,0.048311377245508984,0.04935251798561151,0.03565947242206235,0.0598805256869773,0.8758003992015968,0.6208183632734531,0.02653754765983312,0.23904191616766468,0.42470867405411655,0.45657519649611233,0.90452945,#267569,0.371,"(41, 41, 40, 40)"
mk_2370,매경이코노미,2370,2026-07-29,32.58048651567977,26.92991980503701,20.87934959009087,48.66243731092413,0.2522769115697385,0.04254501800720288,0.049753309265944644,0.027793764988009593,0.05011390887290168,0.8993837535014005,0.628499399759904,0.061733333333333335,0.10009003601440576,0.40719367661365324,0.38596077315728045,0.88882405,#171531,0.449,"(40, 32, 35, 33)"
mk_2371,매경이코노미,2371,2026-08-05,48.29272706473212,22.726299451544396,26.30851873759532,87.90703746536015,0.2096842262971936,0.04985994397759104,0.043068592057761736,0.02681654676258993,0.07967026378896883,0.9311244497799119,0.5934953981592637,0.08607626794690068,0.12748899559823929,0.4331844995337439,0.5780987394296799,0.85347605,#468e9a,0.59,"(44, 34, 39, 33)"
mk_2372,매경이코노미,2372,2026-08-12,63.13475507795879,25.792036833636185,27.741654578318453,92.78941198630805,0.26761353585014536,0.03622048819527811,0.04580625752105896,0.021115107913669065,0.041774580335731414,0.8755182072829132,0.6660504201680673,0.567484242258153,0.4390516206482593,0.424867206878052,0.43214047875432915,0.88626486,#c4d6dd,0.544,"(41, 34, 35, 35)"
mk_2373,매경이코노미,2373,2026-08-19,57.45443312094489,26.25463765006336,6.2755352596390415,39.20316239839094,0.2551235655495746,0.07463872255489022,0.05394484412470024,0.06315947242206235,0.10669653524492234,1.6020119760479041,0.10380439121756486,0.2760727445619874,0.9043692614770459,0.45337953765248545,0.5670635380392234,0.8141748,#adafb3,0.538,"(42, 36, 36, 38)"
mk_2374,매경이코노미,2374,2026-08-26,71.33607301348556,18.26139120832591,27.67112466866735,74.61003338806181,0.19111016569975436,0.04871748699479792,0.06021058965102286,0.0263189448441247,0.059664268585131894,0.8226490596238495,0.6777230892356942,0.9479194810653033,0.0761844737895158,0.41696721604098996,0.45137266629450407,0.8693008,#f0bfa8,0.694,"(41, 36, 40, 32)"
mk_2375,매경이코노미,2375,2026-09-02,64.5902244404283,26.2692543527753,16.555167459802927,61.33443479818198,0.24977753676626163,0.07519384492406075,0.051474820143884895,0.07913669064748201,0.09497002398081535,1.1270983213429258,0.46369504396482814,0.18334902625140417,0.27090727418065547,0.47830328030660324,0.5711499461237621,0.8467208,#a0d1da,0.628,"(34, 27, 30, 31)"
mk_2376,매경이코노미,2376,2026-09-09,59.63014076802657,15.507082718513049,21.44933457970381,68.36004986972507,0.1626795784056838,0.050610244097639055,0.0552647412755716,0.02004196642685851,0.07654076738609113,0.99796718687475,0.5353341336534614,0.1170578066166197,0.13919567827130852,0.41664093686684184,0.5236246537638614,0.87120426,#559388,0.631,"(39, 36, 38, 32)"
mk_2377,매경이코노미,2377,2026-09-16,83.21224384524763,27.62832931314368,4.841082247639062,34.48713247268141,0.28314167885504676,0.05837935174069628,0.05592057761732852,0.05434052757793765,0.06486810551558753,1.009827931172469,0.5931532613045218,0.9279404658355078,0.8781932773109243,0.4392349865002918,0.45047637816841807,0.8051012,#fbfafa,0.723,"(34, 29, 28, 34)"
mk_2378,매경이코노미,2378,2026-09-30,78.46482050226561,21.225399571294624,2.806836203359272,24.784477570054438,0.2146944075485423,0.044421768707482996,0.044602888086642596,0.020599520383693046,0.06806354916067146,0.8382713085234094,0.6618067226890756,0.8547523880495901,0.9649939975990396,0.4653845518400435,0.48817690966628324,0.8643432,#eaeaeb,0.427,"(35, 28, 30, 32)"
hk_1571,한경비즈니스,1571,2026-01-05,45.92327334583916,21.784435024973074,40.01404387025189,108.29979022041036,0.22859219586295657,0.103003003003003,0.0472972972972973,0.15014157014157015,0.11157014157014157,1.4455426855426856,0.4543135993135993,0.8729085794490219,0.2195195195195195,0.4527602880184501,0.5288966465026828,0.81241703,#9c2324,0.519,
hk_1572,한경비즈니스,1572,2026-01-12,32.51354246514084,28.254753616348413,17.174266873653938,75.57447089098642,0.269963511936046,0.11956241956241956,0.07516087516087516,0.1602059202059202,0.12332046332046331,1.7074560274560275,0.2365208065208065,0.5842265207303541,0.5517288717288718,0.4788546070051085,0.5107951597174886,0.81338906,#1a191d,0.434,
hk_1573,한경비즈니스,1573,2026-01-19,51.35321239572304,22.096229336573035,16.040403803750262,62.38227208678494,0.2186081944954482,0.09572072072072071,0.054414414414414414,0.09837194337194337,0.13437580437580438,1.531977691977692,0.17514371514371516,0.1456820271341775,0.4252659802659803,0.4225301495619746,0.5093585860282233,0.7974592,#424649,0.328,
hk_1574,한경비즈니스,1574,2026-01-26,50.549608254505216,25.63604785854876,23.990907570679884,59.928761098842735,0.2586791830239984,0.08254397254397254,0.060810810810810814,0.11566924066924067,0.07115186615186615,1.3562076362076363,0.42935006435006434,0.0614260888640578,0.23378378378378378,0.46008711952253634,0.4698469773979514,0.84805465,#404988,0.391,
hk_1575,한경비즈니스,1575,2026-02-02,41.20947050826762,32.083868629153514,14.987705117384202,59.180761723169006,0.3133937905348437,0.1106027456027456,0.0632947232947233,0.1558108108108108,0.1127027027027027,1.732012012012012,0.2763706563706564,0.9074721730662506,0.5331295581295581,0.5057553932381493,0.4886953532140193,0.7324542,#1a1412,0.388,
hk_1576,한경비즈니스,1576,2026-02-09,28.365047780766577,26.282321140821722,8.45119562250414,46.795931107137044,0.25257239996988845,0.0884984984984985,0.06918275418275419,0.10366151866151867,0.09265122265122265,1.6375289575289576,0.19076362076362077,0.28591405680990534,0.8141291291291292,0.5170698903636041,0.45590803312787337,0.82398623,#222528,0.718,
hk_1578,한경비즈니스,1578,2026-02-23,46.00850529562315,23.017197334060224,34.17632891943688,80.34163212742585,0.2267955145401091,0.11934148434148434,0.06866795366795367,0.1674967824967825,0.12185971685971686,1.857897897897898,0.1428249678249678,0.9501347941158368,0.07226726726726727,0.5178103398578181,0.47727971535042274,0.85104245,#ad613b,0.384,
hk_1579,한경비즈니스,1579,2026-03-02,76.93801050640403,19.000265231165695,16.075716778112863,42.346560024050476,0.2001572634687954,0.045053625053625056,0.04909266409266409,0.0414028314028314,0.044665379665379666,0.9148176748176748,0.5913577863577864,0.8873842162737458,0.10793865293865294,0.502584301921543,0.46220056275141286,0.8702334,#e7cddf,0.816,
hk_1580,한경비즈니스,1580,2026-03-09,39.978122622658226,22.44584215119936,59.2310163086123,143.7371805400494,0.19125016401924672,0.03742814242814243,0.04118404118404118,0.040186615186615184,0.030913770913770913,1.1801801801801801,0.277022737022737,0.9530568443462264,0.256979836979837,0.45199562754220657,0.3934549312809912,0.8725219,#df262c,0.689,
hk_1581,한경비즈니스,1581,2026-03-16,62.32542318459899,31.69839969656701,17.32718322710839,95.31951203307354,0.3364610203414953,0.07953882453882453,0.07702059202059203,0.08132561132561132,0.08027027027027027,1.5054654654654656,0.28582582582582583,0.027600562283737026,0.4141913341913342,0.5153151121919677,0.4719882305893366,0.8570162,#f6f8f8,0.39,
hk_1582,한경비즈니스,1582,2026-03-23,40.86866673887019,21.502452300172806,28.818868033187123,76.34846535156602,0.2122922604679503,0.044274989274989275,0.047226512226512224,0.05333333333333334,0.032265122265122265,0.9793908193908194,0.5209094809094809,0.25121358839008356,0.2627112827112827,0.5243028160247734,0.4362142357944715,0.8343341,#3f579d,0.484,
hk_1583,한경비즈니스,1583,2026-03-30,78.76660869337769,22.483556013396072,67.02551679678008,169.51800394305482,0.21220475665356353,0.06364221364221365,0.05671814671814672,0.07344916344916345,0.06075933075933076,1.2185156585156585,0.5962012012012012,0.8601868031646305,0.12379879879879879,0.4965114382915666,0.4575685365331389,0.8717102,#fdf205,0.553,
hk_1584,한경비즈니스,1584,2026-04-06,32.15329679996167,27.234957873723122,8.03791127727673,34.77974327892812,0.26525634876438176,0.13192835692835692,0.07482625482625482,0.1562033462033462,0.16475546975546976,1.9408322608322608,0.20645002145002145,0.7360649883949295,0.8383118833118833,0.5093179912597392,0.496679025142043,0.8638806,#1e2127,0.526,
hk_1585,한경비즈니스,1585,2026-04-13,35.01769747812548,23.311013196107815,30.418704360869455,90.96192924650123,0.22282099635790156,0.048507078507078506,0.04764478764478765,0.055508365508365506,0.04236808236808237,1.0468811668811668,0.574026169026169,0.17375562604839648,0.12608537108537107,0.5293521927669727,0.4345376715956452,0.7972635,#2a2c48,0.516,
hk_1586,한경비즈니스,1586,2026-04-20,48.66929004632046,28.100464536346916,47.050285575228834,128.37176630730107,0.25811859434019657,0.07263835263835264,0.05357786357786358,0.06375804375804375,0.10057915057915058,1.407962247962248,0.4330995280995281,0.9424911437049173,0.3067245817245817,0.4597931175958499,0.595003015917278,0.8665791,#ef7537,0.603,
hk_1587,한경비즈니스,1587,2026-04-27,64.4741763981529,28.308551617694363,12.740679496664754,42.68588910093112,0.28112818119608185,0.08708708708708708,0.04572715572715573,0.07326898326898326,0.14226512226512225,1.3336765336765337,0.41520592020592023,0.5116604233492594,0.39853496353496354,0.4952919692624757,0.5536262914639556,0.831301,#c9dccf,0.552,
hk_1588,한경비즈니스,1588,2026-05-04,33.019497239570384,24.918001556627875,26.158641936990875,84.83171825022801,0.2359657711230523,0.1145066495066495,0.04892535392535392,0.18877734877734878,0.10581724581724582,1.7214757614757614,0.2967074217074217,0.5033291262912316,0.3049270699270699,0.46581467551457917,0.5411872296681872,0.8635608,#282027,0.435,
hk_1589,한경비즈니스,1589,2026-05-11,29.51463370173553,27.811773688235807,11.254325532268327,45.61908397558627,0.26789829848282065,0.0752938652938653,0.07913770913770914,0.08924066924066924,0.057503217503217505,1.370862290862291,0.31815100815100816,0.8993889690707744,0.6071535821535822,0.5293297189657774,0.502768894325066,0.8840066,#1c1b18,0.543,
hk_1590,한경비즈니스,1590,2026-05-18,45.35580773169092,21.120174361748244,27.705037538024285,106.71707488044315,0.20855023681796223,0.0605019305019305,0.04653153153153153,0.04081081081081081,0.09416344916344917,1.1649420849420848,0.5568489918489918,0.07630154714083356,0.2582196482196482,0.4946629362670966,0.46250409089689537,0.8644916,#117e69,0.594,
hk_1591,한경비즈니스,1591,2026-05-25,51.84200851618245,23.560034294105993,34.390069575231244,93.81369605897277,0.23012307491037345,0.23446374946374945,0.2714993564993565,0.26528314028314026,0.1666087516087516,2.54987558987559,0.05098884598884599,0.9137886803254561,0.15146074646074645,0.47494857584642264,0.43190514566453014,0.82471156,#a56b41,0.384,
hk_1592,한경비즈니스,1592,2026-06-01,35.91410440299152,27.58867607454142,19.56261872667145,73.40708655375202,0.26620885062153016,0.15738953238953238,0.0924002574002574,0.2347876447876448,0.144980694980695,2.168888888888889,0.18755469755469756,0.40551501988823546,0.46117546117546115,0.49498877246677286,0.5105422487150583,0.85594517,#272831,0.545,
hk_1593,한경비즈니스,1593,2026-06-08,72.0098292732035,26.167591556634783,9.593645782586611,42.04204301736347,0.2734124527344736,0.09017374517374517,0.04236808236808237,0.08823680823680824,0.13991634491634491,1.4097297297297298,0.3948176748176748,0.8930269593902855,0.6271021021021022,0.4639055193673693,0.467168012053087,0.81765985,#f4efe9,0.299,
hk_1594,한경비즈니스,1594,2026-06-15,75.29725357019926,19.48393844910014,62.417190575044856,144.11856571576723,0.1896351342264875,0.06620763620763621,0.0479021879021879,0.07162805662805663,0.07909266409266409,1.147078507078507,0.5913277563277564,0.9426906796624374,0.15886958386958386,0.46019610018452844,0.4397402128629186,0.8904168,#fecb1a,0.704,
hk_1595,한경비즈니스,1595,2026-06-22,62.718041841954374,28.21938775823329,11.519709598070973,45.644223132780894,0.2845231870338424,0.0818103818103818,0.04756113256113256,0.10051480051480051,0.09735521235521236,1.313187473187473,0.35823466323466324,0.49806201550387597,0.5705641355641355,0.5110219938467897,0.47437069750685507,0.81887364,#e0e1e6,0.395,
hk_1596,한경비즈니스,1596,2026-06-29,61.21105187406102,23.64124956051355,18.949958607784296,69.48917152455054,0.24155706663327864,0.08793865293865294,0.06507078507078506,0.06617117117117118,0.13257400257400256,1.4947061347061348,0.2527734877734878,0.3877521607343119,0.31988631488631486,0.458199718500318,0.5109173948589711,0.8508855,#465269,0.333,
hk_1597,한경비즈니스,1597,2026-07-06,48.35002851256285,25.677285830353544,37.20524157961706,98.18904166598288,0.24517496595468447,0.11952380952380952,0.060328185328185326,0.11846846846846847,0.17977477477477477,1.761784641784642,0.2344058344058344,0.9282031124892635,0.23398970398970398,0.49880130105126036,0.5170535028531094,0.78247213,#df8839,0.34,
hk_1598,한경비즈니스,1598,2026-07-13,37.05977601802871,25.399882439667724,22.225430906407972,72.33458660547596,0.24654295793355857,0.10338910338910338,0.061274131274131276,0.15906692406692408,0.08982625482625482,1.5902531102531103,0.2755276705276705,0.46660605455828924,0.31381166881166883,0.45555743388447195,0.4701783779430706,0.8101284,#2a2834,0.398,
hk_1599,한경비즈니스,1599,2026-07-20,40.694170740167316,23.544284285889383,20.82468218401227,68.04726472110119,0.23191991325788644,0.09083226083226083,0.0498970398970399,0.09178893178893179,0.1308108108108108,1.576936936936937,0.30023809523809525,0.28277233617394554,0.2344980694980695,0.5473962322322277,0.39600579671423675,0.8382343,#2d3246,0.33,
hk_1600,한경비즈니스,1600,2026-07-27,74.13477391685463,22.49384176881473,15.607478060528027,45.74550267137625,0.23706481432875257,0.11192621192621192,0.07254826254826255,0.0996975546975547,0.16353281853281854,1.5511969111969113,0.3832668382668383,0.9471066828333948,0.26481981981981983,0.4954446332986555,0.4319048221016387,0.85408676,#f7e5c7,0.548,
hk_1601,한경비즈니스,1601,2026-08-03,76.46848302245016,27.27222670821091,9.040228225139014,57.25101595308183,0.28851737826733104,0.08953453453453454,0.07826898326898327,0.11788288288288289,0.07245173745173746,1.325062205062205,0.4467953667953668,0.8204713762030024,0.7443286143286143,0.4853912809711583,0.4362981463683074,0.6511195,#fafbfb,0.521,
hk_1602,한경비즈니스,1602,2026-08-10,45.694756003968536,23.8976843664467,20.81555625461774,100.09110961199242,0.22115153494974302,0.11892320892320893,0.0990990990990991,0.14294723294723294,0.11472329472329472,1.8023166023166024,0.262979407979408,0.2510653792210594,0.4831917631917632,0.4955458596569653,0.4487791292289591,0.84043765,#3d3d3e,0.456,
hk_1603,한경비즈니스,1603,2026-08-17,55.259631128339365,22.81744561351991,37.88291698262915,134.66537872907548,0.233301786490023,0.06673530673530674,0.05544401544401544,0.07045688545688546,0.0743050193050193,1.1963963963963964,0.4674924924924925,0.4531497304610016,0.1723959673959674,0.4925046110786688,0.47814864344860536,0.86797976,#2464a7,0.24,
hk_1604,한경비즈니스,1604,2026-08-24,42.59929921407373,22.456903198623984,24.289090426192647,71.21976096639344,0.2191034285477321,0.1040969540969541,0.06382239382239382,0.13651222651222653,0.11195624195624196,1.5596739596739597,0.34233590733590735,0.03292103706243054,0.1366902616902617,0.4776574350437313,0.43846719688639874,0.87108636,#2f3650,0.397,
hk_1605,한경비즈니스,1605,2026-08-31,74.58331441378738,19.759543733385364,10.70997694056696,49.4835893306504,0.2090634335465745,0.06277134277134278,0.05393178893178893,0.06693693693693693,0.06744530244530245,1.145963105963106,0.4631939081939082,0.6417324487739335,0.7105920205920206,0.4500754193615688,0.4044286691408046,0.8084497,#e4e2db,0.434,
hk_1606,한경비즈니스,1606,2026-09-07,68.21941146867451,27.035981570104532,10.448813827037698,47.9365077790787,0.2720899461381887,0.0916087516087516,0.06135135135135135,0.11389317889317889,0.09958172458172458,1.4825396825396826,0.423957528957529,0.6250156792239829,0.8706906906906907,0.49102002371080594,0.46095636751062125,0.8254958,#e2d5ca,0.64,
hk_1607,한경비즈니스,1607,2026-09-14,42.446422799876,27.3658549112466,18.184002140006285,66.16663490995602,0.26149367764621106,0.09107679107679108,0.04640926640926641,0.11575933075933076,0.11106177606177606,1.3854654654654655,0.28966537966537964,0.7120542600705305,0.4509416559416559,0.4852898220940485,0.42606472719583377,0.71711946,#2a292f,0.439,
hk_1608,한경비즈니스,1608,2026-09-21,67.4643472054963,27.33789700016029,7.5567209249290235,38.79162958307215,0.2766102728233156,0.06823680823680824,0.05072072072072072,0.06404761904761905,0.08994208494208494,1.134894894894895,0.45874302874302875,0.4433044121011598,0.8204590304590305,0.5110362038816325,0.4478773439907651,0.695179,#dcd7d3,0.631,
