cat,var,label,agree,kappa,kind,within1,kappa_w,k_final,band
커버스토리 주제,topic,주제 분야,0.8,0.7452229299363058,nominal,,,0.7452229299363058,높음
커버스토리 주제,format,기사 형식,0.6,0.34693877551020413,nominal,,,0.34693877551020413,낮음
표지 구조,masthead_color,제호 영문부 글자색,1.0,1.0,nominal,,,1.0,높음
표지 구조,masthead_overlap,제호와 이미지의 겹침,0.95,0.8360655737704918,nominal,,,0.8360655737704918,높음
표지 구조,secondary_lines,보조 커버라인 수,1.0,1.0,weighted,1.0,,1.0,높음
표지 구조,headline_lines,메인 표제 줄 수,1.0,1.0,weighted,1.0,,1.0,높음
표지 구조,subhead,부제(서브헤드),0.85,0.5833333333333333,nominal,,,0.5833333333333333,중간
표지 구조,badge,퍼프·배지·특집 로고,0.95,0.7727272727272727,nominal,,,0.7727272727272727,높음
표지 구조,boxout,박스아웃·띠(문구 뒤 색면),1.0,1.0,nominal,,,1.0,높음
이미지,medium,제작 방식,0.95,0.9183673469387755,nominal,,,0.9183673469387755,높음
이미지,subject,주 피사체,0.95,0.9310344827586207,nominal,,,0.9310344827586207,높음
이미지,people_n,등장 인물 수,0.9,0.829059829059829,nominal,,,0.829059829059829,높음
이미지,people_kind,인물 표현,0.9,0.8275862068965517,nominal,,,0.8275862068965517,높음
이미지,shot,샷 크기(사회적 거리),0.9,0.8260869565217391,nominal,,,0.8260869565217391,높음
이미지,gaze,시선(접촉),0.9,0.8148148148148149,nominal,,,0.8148148148148149,높음
이미지,angle,시점(앵글),0.9,0.7969543147208122,nominal,,,0.7969543147208122,높음
이미지,background,배경 처리,0.7,0.5945945945945946,nominal,,,0.5945945945945946,중간
이미지,image_area,이미지 점유 면적,0.65,0.48529411764705876,nominal,0.9,0.5871559633027522,0.5871559633027522,중간
이미지,vr_structure,시각 수사 구조,0.85,0.7457627118644068,nominal,,,0.7457627118644068,높음
이미지,vr_meaning,의미 작용,0.75,0.574468085106383,nominal,,,0.574468085106383,중간
구성과 레이아웃,layout,레이아웃 원형,0.85,0.7590361445783133,nominal,,,0.7590361445783133,높음
구성과 레이아웃,headline_v,표제 세로 위치,0.85,0.5238095238095237,nominal,1.0,0.5454545454545454,0.5454545454545454,중간
구성과 레이아웃,headline_align,표제 정렬,1.0,1.0,nominal,,,1.0,높음
구성과 레이아웃,ideal_real,위·아래 정보 가치,1.0,1.0,nominal,,,1.0,높음
구성과 레이아웃,subject_pos,주 피사체 위치,0.95,0.9078341013824884,nominal,,,0.9078341013824884,높음
구성과 레이아웃,salience,가장 먼저 보이는 요소,0.7,0.4285714285714286,nominal,,,0.4285714285714286,중간
구성과 레이아웃,balance,구도,0.75,0.6323529411764706,nominal,,,0.6323529411764706,높음
구성과 레이아웃,depth,깊이감,0.9,0.8406374501992032,nominal,1.0,0.868421052631579,0.868421052631579,높음
구성과 레이아웃,whitespace,여백,0.85,0.7272727272727273,nominal,1.0,0.7580645161290323,0.7580645161290323,높음
색채,bg_hue,배경 주조색 계열,0.85,0.7761194029850746,nominal,,,0.7761194029850746,높음
색채,bg_value,배경 명도,0.9,0.8484848484848485,nominal,1.0,0.8802395209580838,0.8802395209580838,높음
색채,harmony,배색 유형,0.7,0.6039603960396039,nominal,,,0.6039603960396039,중간
색채,itten,주된 색채 대비,0.7,0.603960396039604,nominal,,,0.603960396039604,중간
색채,headline_color,메인 표제 색,1.0,1.0,nominal,,,1.0,높음
색채,accent,포인트 색의 역할,0.65,0.5189003436426117,nominal,,,0.5189003436426117,중간
타이포그래피,font_class,표제 서체 계열,0.9,0.4736842105263158,nominal,,,0.4736842105263158,중간
타이포그래피,weight,표제 굵기,0.5,0.13043478260869568,nominal,1.0,0.31034482758620685,0.31034482758620685,낮음
타이포그래피,headline_size,표제 글자 높이(표지 높이 대비),0.8,0.3846153846153846,nominal,1.0,0.3846153846153846,0.3846153846153846,낮음
타이포그래피,effect,표제 효과,0.75,0.5708154506437768,nominal,,,0.5708154506437768,중간
타이포그래피,emphasis,표제 안의 부분 강조,0.75,0.6688741721854304,nominal,,,0.6688741721854304,높음
타이포그래피,type_image,글자와 이미지의 관계,0.95,0.8863636363636364,nominal,,,0.8863636363636364,높음
표제 언어,sentence,문장 형태,1.0,1.0,nominal,,,1.0,높음
표제 언어,verbal_device,수사 장치,0.75,0.6763754045307443,nominal,,,0.6763754045307443,높음
표제 언어,tone,어조,0.95,0.921875,nominal,,,0.921875,높음
표제 언어,script_mix,문자 혼용,1.0,1.0,nominal,,,1.0,높음
이미지와 텍스트,anchorage,문구와 이미지의 관계,0.5,-0.015228426395939021,nominal,,,-0.015228426395939021,낮음
이미지와 텍스트,dependency,이미지만으로 주제 파악,0.65,0.07894736842105254,nominal,,,0.07894736842105254,낮음
톤과 무드,calm_dynamic,차분 1 ↔ 5 역동,0.6,0.6624472573839663,weighted,1.0,,0.6624472573839663,높음
톤과 무드,serious_playful,진지 1 ↔ 5 유쾌,0.35,0.2441860465116279,weighted,1.0,,0.2441860465116279,낮음
톤과 무드,minimal_maximal,미니멀 1 ↔ 5 맥시멀,0.65,0.75177304964539,weighted,1.0,,0.75177304964539,높음
톤과 무드,negative_positive,위기 1 ↔ 5 기회,0.75,0.7816593886462881,weighted,1.0,,0.7816593886462881,높음
종합 접근 방식,archetype,접근 방식 유형,0.85,0.7101449275362319,nominal,,,0.7101449275362319,높음
